Starting org.bukkit.craftbukkit.Main
*** Warning, you've not updated in a while! ***
*** Please download a new build as per instructions from https://papermc.io/downloads/paper ***
System Info: Java 21 (OpenJDK 64-Bit Server VM 21.0.10) Host: Mac OS X 26.5.2 (aarch64)
Loading libraries, please wait...
2026-08-25 18:18:32,621 ServerMain WARN Advanced terminal features are not available in this environment
[18:18:32 WARN]: [oshi.util.platform.mac.SysctlUtil] Failed sysctl call: hw.cpufrequency, Error code: 2
[18:18:34 INFO]: Environment: authHost='https://authserver.mojang.com', accountsHost='https://api.mojang.com', sessionHost='https://sessionserver.mojang.com', servicesHost='https://api.minecraftservices.com', name='PROD'
[18:18:34 INFO]: Loaded 7 recipes
[18:18:35 INFO]: Starting minecraft server version 1.20.1
[18:18:35 INFO]: Loading properties
[18:18:35 INFO]: This server is running Paper version git-Paper-165 (MC: 1.20.1) (Implementing API version 1.20.1-R0.1-SNAPSHOT) (Git: 7d13b70)
[18:18:35 INFO]: Server Ping Player Sample Count: 12
[18:18:35 INFO]: Using 4 threads for Netty based IO
[18:18:35 WARN]: [!] The timings profiler has been enabled but has been scheduled for removal from Paper in the future.
    We recommend installing the spark profiler as a replacement: https://spark.lucko.me/
    For more information please visit: https://github.com/PaperMC/Paper/issues/8948
[18:18:35 INFO]: [ChunkTaskScheduler] Chunk system is using 1 I/O threads, 3 worker threads, and gen parallelism of 3 threads
[18:18:35 INFO]: Default game type: SURVIVAL
[18:18:35 INFO]: Generating keypair
[18:18:35 INFO]: Starting Minecraft server on *:25565
[18:18:35 INFO]: Using default channel type
[18:18:35 INFO]: Paper: Using libdeflate (macOS ARM64 / Apple Silicon) compression from Velocity.
[18:18:35 INFO]: Paper: Using native (macOS ARM64 / Apple Silicon) cipher from Velocity.
[18:18:35 INFO]: [DriftSystem] Loading server plugin DriftSystem v2.0
[18:18:35 INFO]: Server permissions file permissions.yml is empty, ignoring it
[18:18:35 WARN]: **** SERVER IS RUNNING IN OFFLINE/INSECURE MODE!
[18:18:35 WARN]: The server will make no attempt to authenticate usernames. Beware.
[18:18:35 WARN]: While this makes the game possible to play without internet access, it also opens up the ability for hackers to connect with any username they choose.
[18:18:35 WARN]: To change this, set "online-mode" to "true" in the server.properties file.
[18:18:35 INFO]: Preparing level "world"
[18:18:36 INFO]: Preparing start region for dimension minecraft:overworld
[18:18:36 INFO]: Time elapsed: 73 ms
[18:18:36 INFO]: Preparing start region for dimension minecraft:the_nether
[18:18:36 INFO]: Time elapsed: 18 ms
[18:18:36 INFO]: Preparing start region for dimension minecraft:the_end
[18:18:36 INFO]: Time elapsed: 8 ms
[18:18:36 INFO]: [DriftSystem] Enabling DriftSystem v2.0
[18:18:36 INFO]: [DriftSystem] [DriftPlugin] 后端地址: http://127.0.0.1:8010
[18:18:36 INFO]: [DriftSystem] ======================================
[18:18:36 INFO]: [DriftSystem]    DriftSystem / 心悦宇宙
[18:18:36 INFO]: [DriftSystem]    完全自然语言驱动的AI冒险系统
[18:18:36 INFO]: [DriftSystem] ======================================
[18:18:36 INFO]: [DriftSystem] ✓ 后端连接: http://127.0.0.1:8010
[18:18:36 INFO]: [DriftSystem] ✓ 自然语言解析: 已启用
[18:18:36 INFO]: [DriftSystem] ✓ 世界动态渲染: 已启用
[18:18:36 INFO]: [DriftSystem] ✓ 剧情引擎: 已就绪
[18:18:36 INFO]: [DriftSystem] ✓ DSL注入: 支持
[18:18:36 INFO]: [DriftSystem] ✓ 新手教学: 已启用
[18:18:36 INFO]: [DriftSystem] ======================================
[18:18:36 INFO]: [DriftSystem] 玩家可以直接在聊天中说话来推进剧情！
[18:18:36 INFO]: [DriftSystem] 新玩家将自动进入教学系统！
[18:18:36 INFO]: [DriftSystem] ======================================
[18:18:36 INFO]: Running delayed init tasks
[18:18:36 INFO]: Done (1.125s)! For help, type "help"
[18:18:36 INFO]: Timings Reset
[18:22:04 INFO]: UUID of player bot is 67128b5b-2e6b-3ad1-baa0-1b937b03e5c5
[18:22:04 INFO]: [DriftSystem] [教学] 老玩家加入: bot
[18:22:04 INFO]: [38;5;11mbot joined the game[0m
[18:22:04 INFO]: bot[/[0:0:0:0:0:0:0:1]:65526] logged in with entity id 208 at ([world]0.4999774061945304, 115.0, 5.5)
[18:22:04 INFO]: bot issued server command: /clear @s
[18:22:04 INFO]: bot issued server command: /kill @s
[18:22:04 INFO]: bot was killed
[18:22:04 INFO]: [3m[38;5;7m[bot: Killed bot][0m
[18:22:04 INFO]: bot lost connection: Disconnected
[18:22:04 INFO]: [38;5;11mbot left the game[0m
[18:28:15 INFO]: UUID of player bot is 67128b5b-2e6b-3ad1-baa0-1b937b03e5c5
[18:28:15 INFO]: [DriftSystem] [教学] 老玩家加入: bot
[18:28:15 INFO]: [38;5;11mbot joined the game[0m
[18:28:15 INFO]: bot[/[0:0:0:0:0:0:0:1]:49789] logged in with entity id 209 at ([world]0.4999774061945304, 115.0, 5.5)
[18:28:15 INFO]: bot lost connection: Disconnected
[18:28:15 INFO]: [38;5;11mbot left the game[0m
[18:32:05 INFO]: UUID of player bot is 67128b5b-2e6b-3ad1-baa0-1b937b03e5c5
[18:32:05 INFO]: [DriftSystem] [教学] 老玩家加入: bot
[18:32:05 INFO]: [38;5;11mbot joined the game[0m
[18:32:05 INFO]: bot[/[0:0:0:0:0:0:0:1]:50173] logged in with entity id 212 at ([world]8.5, 124.10000000149012, -5.5)
[18:32:05 INFO]: bot lost connection: Disconnected
[18:32:05 INFO]: [38;5;11mbot left the game[0m
[18:34:53 INFO]: UUID of player bot is 67128b5b-2e6b-3ad1-baa0-1b937b03e5c5
[18:34:53 INFO]: [DriftSystem] [教学] 老玩家加入: bot
[18:34:53 INFO]: [38;5;11mbot joined the game[0m
[18:34:53 INFO]: bot[/[0:0:0:0:0:0:0:1]:50461] logged in with entity id 215 at ([world]8.5, 124.02159999996424, -5.5)
[18:34:55 INFO]: bot issued server command: /gamerule keepInventory true
[18:34:55 INFO]: [3m[38;5;7m[bot: Gamerule keepInventory is now set to: true][0m
[18:34:55 INFO]: bot issued server command: /gamerule doDaylightCycle false
[18:34:55 INFO]: [3m[38;5;7m[bot: Gamerule doDaylightCycle is now set to: false][0m
[18:34:55 INFO]: bot issued server command: /pause
[18:34:56 INFO]: bot issued server command: /pause
[18:34:57 INFO]: [DriftSystem] [PayloadExecutorV1] done build_id=resource_park_bot_1787654096908 executed=759 failed=0 queue_depth=0
[18:34:57 WARN]: [DriftSystem] [PayloadExecutorV1] report failed build_id=resource_park_bot_1787654096908: Failed to connect to /127.0.0.1:8010
[18:34:58 INFO]: bot issued server command: /clear @s
[18:34:58 INFO]: bot issued server command: /gamerule doTileDrops false
[18:34:58 INFO]: [3m[38;5;7m[bot: Gamerule doTileDrops is now set to: false][0m
[18:34:58 INFO]: bot issued server command: /setblock 2 111 2 air destroy
[18:34:58 INFO]: [3m[38;5;7m[bot: Changed the block at 2, 111, 2][0m
[18:34:58 INFO]: bot issued server command: /give @s crafting_table
[18:34:58 INFO]: [3m[38;5;7m[bot: Gave 1 [38;5;15m[Crafting Table][38;5;7m to bot][0m
[18:34:58 INFO]: bot issued server command: /setblock 3 111 -3 air destroy
[18:34:58 INFO]: [3m[38;5;7m[bot: Changed the block at 3, 111, -3][0m
[18:34:58 INFO]: bot issued server command: /give @s furnace
[18:34:58 INFO]: [3m[38;5;7m[bot: Gave 1 [38;5;15m[Furnace][38;5;7m to bot][0m
[18:34:58 INFO]: bot issued server command: /gamerule doTileDrops true
[18:34:58 INFO]: [3m[38;5;7m[bot: Gamerule doTileDrops is now set to: true][0m
[18:34:59 INFO]: bot issued server command: /pause
[18:35:00 INFO]: bot issued server command: /pause
[18:35:02 INFO]: bot issued server command: /gamerule doTileDrops false
[18:35:02 INFO]: [3m[38;5;7m[bot: Gamerule doTileDrops is now set to: false][0m
[18:35:02 INFO]: bot issued server command: /setblock -2 111 -2 air destroy
[18:35:02 INFO]: [3m[38;5;7m[bot: Changed the block at -2, 111, -2][0m
[18:35:02 INFO]: bot issued server command: /give @s crafting_table
[18:35:02 INFO]: [3m[38;5;7m[bot: Gave 1 [38;5;15m[Crafting Table][38;5;7m to bot][0m
[18:35:03 INFO]: bot issued server command: /gamerule doTileDrops true
[18:35:03 INFO]: [3m[38;5;7m[bot: Gamerule doTileDrops is now set to: true][0m
[18:35:03 INFO]: bot issued server command: /pause
[18:35:04 INFO]: bot issued server command: /pause
[18:35:05 INFO]: bot lost connection: Disconnected
[18:35:05 INFO]: [38;5;11mbot left the game[0m
[18:35:07 INFO]: UUID of player bot is 67128b5b-2e6b-3ad1-baa0-1b937b03e5c5
[18:35:07 INFO]: [DriftSystem] [教学] 老玩家加入: bot
[18:35:07 INFO]: [38;5;11mbot joined the game[0m
[18:35:07 INFO]: bot[/[0:0:0:0:0:0:0:1]:50483] logged in with entity id 268 at ([world]8.5, 124.0, -5.5)
[18:35:08 INFO]: bot issued server command: /gamerule keepInventory true
[18:35:08 INFO]: [3m[38;5;7m[bot: Gamerule keepInventory is now set to: true][0m
[18:35:08 INFO]: bot issued server command: /gamerule doDaylightCycle false
[18:35:08 INFO]: [3m[38;5;7m[bot: Gamerule doDaylightCycle is now set to: false][0m
[18:35:08 INFO]: bot issued server command: /pause
[18:35:09 INFO]: bot issued server command: /pause
[18:35:10 INFO]: [DriftSystem] [PayloadExecutorV1] done build_id=resource_park_bot_1787654110258 executed=759 failed=0 queue_depth=0
[18:35:10 WARN]: [DriftSystem] [PayloadExecutorV1] report failed build_id=resource_park_bot_1787654110258: Failed to connect to /127.0.0.1:8010
[18:35:11 INFO]: bot issued server command: /time set 2000
[18:35:11 INFO]: [3m[38;5;7m[bot: Set the time to 2000][0m
[18:35:11 INFO]: bot issued server command: /difficulty peaceful
[18:35:11 INFO]: bot issued server command: /gamerule doTileDrops false
[18:35:11 INFO]: [3m[38;5;7m[bot: Gamerule doTileDrops is now set to: false][0m
[18:35:11 INFO]: bot issued server command: /setblock 2 111 2 air destroy
[18:35:11 INFO]: [3m[38;5;7m[bot: Changed the block at 2, 111, 2][0m
[18:35:11 INFO]: bot issued server command: /give @s crafting_table
[18:35:11 INFO]: [3m[38;5;7m[bot: Gave 1 [38;5;15m[Crafting Table][38;5;7m to bot][0m
[18:35:11 INFO]: bot issued server command: /setblock 3 111 -3 air destroy
[18:35:11 INFO]: [3m[38;5;7m[bot: Changed the block at 3, 111, -3][0m
[18:35:11 INFO]: bot issued server command: /give @s furnace
[18:35:11 INFO]: [3m[38;5;7m[bot: Gave 1 [38;5;15m[Furnace][38;5;7m to bot][0m
[18:35:11 INFO]: bot issued server command: /gamerule doTileDrops true
[18:35:11 INFO]: [3m[38;5;7m[bot: Gamerule doTileDrops is now set to: true][0m
[18:35:12 INFO]: bot issued server command: /pause
[18:35:18 INFO]: bot issued server command: /pause
[18:35:19 INFO]: bot lost connection: Disconnected
[18:35:19 INFO]: [38;5;11mbot left the game[0m
[18:35:21 INFO]: UUID of player bot is 67128b5b-2e6b-3ad1-baa0-1b937b03e5c5
[18:35:21 INFO]: [DriftSystem] [教学] 老玩家加入: bot
[18:35:21 INFO]: [38;5;11mbot joined the game[0m
[18:35:21 INFO]: bot[/[0:0:0:0:0:0:0:1]:50515] logged in with entity id 276 at ([world]8.5, 124.0, -5.5)
[18:35:22 INFO]: bot issued server command: /gamerule keepInventory true
[18:35:22 INFO]: [3m[38;5;7m[bot: Gamerule keepInventory is now set to: true][0m
[18:35:22 INFO]: bot issued server command: /gamerule doDaylightCycle false
[18:35:22 INFO]: [3m[38;5;7m[bot: Gamerule doDaylightCycle is now set to: false][0m
[18:35:22 INFO]: bot issued server command: /pause
[18:35:23 INFO]: bot issued server command: /pause
[18:35:24 INFO]: [DriftSystem] [PayloadExecutorV1] done build_id=resource_park_bot_1787654124358 executed=759 failed=0 queue_depth=0
[18:35:24 WARN]: [DriftSystem] [PayloadExecutorV1] report failed build_id=resource_park_bot_1787654124358: Failed to connect to /127.0.0.1:8010
[18:35:25 INFO]: bot issued server command: /gamerule doTileDrops false
[18:35:25 INFO]: [3m[38;5;7m[bot: Gamerule doTileDrops is now set to: false][0m
[18:35:25 INFO]: bot issued server command: /setblock 2 111 2 air destroy
[18:35:25 INFO]: [3m[38;5;7m[bot: Changed the block at 2, 111, 2][0m
[18:35:25 INFO]: bot issued server command: /give @s crafting_table
[18:35:25 INFO]: [3m[38;5;7m[bot: Gave 1 [38;5;15m[Crafting Table][38;5;7m to bot][0m
[18:35:25 INFO]: bot issued server command: /setblock 3 111 -3 air destroy
[18:35:25 INFO]: [3m[38;5;7m[bot: Changed the block at 3, 111, -3][0m
[18:35:25 INFO]: bot issued server command: /give @s furnace
[18:35:25 INFO]: [3m[38;5;7m[bot: Gave 1 [38;5;15m[Furnace][38;5;7m to bot][0m
[18:35:25 INFO]: bot issued server command: /gamerule doTileDrops true
[18:35:25 INFO]: [3m[38;5;7m[bot: Gamerule doTileDrops is now set to: true][0m
[18:35:26 INFO]: bot issued server command: /pause
[18:35:27 INFO]: bot issued server command: /pause
[18:35:28 INFO]: bot lost connection: Disconnected
[18:35:28 INFO]: [38;5;11mbot left the game[0m
[18:35:30 INFO]: UUID of player bot is 67128b5b-2e6b-3ad1-baa0-1b937b03e5c5
[18:35:30 INFO]: [DriftSystem] [教学] 老玩家加入: bot
[18:35:30 INFO]: [38;5;11mbot joined the game[0m
[18:35:30 INFO]: bot[/[0:0:0:0:0:0:0:1]:50535] logged in with entity id 281 at ([world]8.5, 124.0, -5.5)
[18:35:31 INFO]: bot issued server command: /gamerule keepInventory true
[18:35:31 INFO]: [3m[38;5;7m[bot: Gamerule keepInventory is now set to: true][0m
[18:35:31 INFO]: bot issued server command: /gamerule doDaylightCycle false
[18:35:31 INFO]: [3m[38;5;7m[bot: Gamerule doDaylightCycle is now set to: false][0m
[18:35:31 INFO]: bot issued server command: /pause
[18:35:32 INFO]: bot issued server command: /pause
[18:35:33 INFO]: [DriftSystem] [PayloadExecutorV1] done build_id=resource_park_bot_1787654133058 executed=759 failed=0 queue_depth=0
[18:35:33 WARN]: [DriftSystem] [PayloadExecutorV1] report failed build_id=resource_park_bot_1787654133058: Failed to connect to /127.0.0.1:8010
[18:35:34 INFO]: bot issued server command: /time set 3000
[18:35:34 INFO]: [3m[38;5;7m[bot: Set the time to 3000][0m
[18:35:34 INFO]: bot issued server command: /difficulty peaceful
[18:35:34 INFO]: bot issued server command: /gamerule doTileDrops false
[18:35:34 INFO]: [3m[38;5;7m[bot: Gamerule doTileDrops is now set to: false][0m
[18:35:34 INFO]: bot issued server command: /setblock 2 111 2 air destroy
[18:35:34 INFO]: [3m[38;5;7m[bot: Changed the block at 2, 111, 2][0m
[18:35:34 INFO]: bot issued server command: /give @s crafting_table
[18:35:34 INFO]: [3m[38;5;7m[bot: Gave 1 [38;5;15m[Crafting Table][38;5;7m to bot][0m
[18:35:34 INFO]: bot issued server command: /setblock 3 111 -3 air destroy
[18:35:34 INFO]: [3m[38;5;7m[bot: Changed the block at 3, 111, -3][0m
[18:35:34 INFO]: bot issued server command: /give @s furnace
[18:35:34 INFO]: [3m[38;5;7m[bot: Gave 1 [38;5;15m[Furnace][38;5;7m to bot][0m
[18:35:34 INFO]: bot issued server command: /gamerule doTileDrops true
[18:35:34 INFO]: [3m[38;5;7m[bot: Gamerule doTileDrops is now set to: true][0m
[18:35:35 INFO]: bot issued server command: /pause
[18:35:44 INFO]: bot issued server command: /pause
[18:35:45 INFO]: bot lost connection: Disconnected
[18:35:45 INFO]: [38;5;11mbot left the game[0m
[18:35:46 INFO]: UUID of player bot is 67128b5b-2e6b-3ad1-baa0-1b937b03e5c5
[18:35:46 INFO]: [DriftSystem] [教学] 老玩家加入: bot
[18:35:46 INFO]: [38;5;11mbot joined the game[0m
[18:35:46 INFO]: bot[/[0:0:0:0:0:0:0:1]:50552] logged in with entity id 295 at ([world]8.5, 124.0, -5.5)
[18:35:48 INFO]: bot issued server command: /gamerule keepInventory true
[18:35:48 INFO]: [3m[38;5;7m[bot: Gamerule keepInventory is now set to: true][0m
[18:35:48 INFO]: bot issued server command: /gamerule doDaylightCycle false
[18:35:48 INFO]: [3m[38;5;7m[bot: Gamerule doDaylightCycle is now set to: false][0m
[18:35:48 INFO]: bot issued server command: /pause
[18:35:49 INFO]: bot issued server command: /pause
[18:35:50 INFO]: [DriftSystem] [PayloadExecutorV1] done build_id=resource_park_bot_1787654149908 executed=759 failed=0 queue_depth=0
[18:35:50 WARN]: [DriftSystem] [PayloadExecutorV1] report failed build_id=resource_park_bot_1787654149908: Failed to connect to /127.0.0.1:8010
[18:35:51 INFO]: bot issued server command: /gamerule doTileDrops false
[18:35:51 INFO]: [3m[38;5;7m[bot: Gamerule doTileDrops is now set to: false][0m
[18:35:51 INFO]: bot issued server command: /setblock 2 111 2 air destroy
[18:35:51 INFO]: [3m[38;5;7m[bot: Changed the block at 2, 111, 2][0m
[18:35:51 INFO]: bot issued server command: /give @s crafting_table
[18:35:51 INFO]: [3m[38;5;7m[bot: Gave 1 [38;5;15m[Crafting Table][38;5;7m to bot][0m
[18:35:51 INFO]: bot issued server command: /setblock 3 111 -3 air destroy
[18:35:51 INFO]: [3m[38;5;7m[bot: Changed the block at 3, 111, -3][0m
[18:35:51 INFO]: bot issued server command: /give @s furnace
[18:35:51 INFO]: [3m[38;5;7m[bot: Gave 1 [38;5;15m[Furnace][38;5;7m to bot][0m
[18:35:51 INFO]: bot issued server command: /gamerule doTileDrops true
[18:35:51 INFO]: [3m[38;5;7m[bot: Gamerule doTileDrops is now set to: true][0m
[18:35:52 INFO]: bot issued server command: /pause
[18:35:56 INFO]: bot issued server command: /pause
[18:35:58 INFO]: bot lost connection: Disconnected
[18:35:58 INFO]: [38;5;11mbot left the game[0m
[18:35:59 INFO]: UUID of player bot is 67128b5b-2e6b-3ad1-baa0-1b937b03e5c5
[18:35:59 INFO]: [DriftSystem] [教学] 老玩家加入: bot
[18:35:59 INFO]: [38;5;11mbot joined the game[0m
[18:35:59 INFO]: bot[/[0:0:0:0:0:0:0:1]:50581] logged in with entity id 310 at ([world]8.5, 124.0, -5.5)
[18:36:00 INFO]: bot issued server command: /gamerule keepInventory true
[18:36:00 INFO]: [3m[38;5;7m[bot: Gamerule keepInventory is now set to: true][0m
[18:36:00 INFO]: bot issued server command: /gamerule doDaylightCycle false
[18:36:00 INFO]: [3m[38;5;7m[bot: Gamerule doDaylightCycle is now set to: false][0m
[18:36:00 INFO]: bot issued server command: /pause
[18:36:01 INFO]: bot issued server command: /pause
[18:36:02 INFO]: [DriftSystem] [PayloadExecutorV1] done build_id=resource_park_bot_1787654162508 executed=759 failed=0 queue_depth=0
[18:36:02 WARN]: [DriftSystem] [PayloadExecutorV1] report failed build_id=resource_park_bot_1787654162508: Failed to connect to /127.0.0.1:8010
[18:36:03 INFO]: bot issued server command: /time set 4000
[18:36:03 INFO]: [3m[38;5;7m[bot: Set the time to 4000][0m
[18:36:03 INFO]: bot issued server command: /difficulty peaceful
[18:36:03 INFO]: bot issued server command: /gamerule doTileDrops false
[18:36:03 INFO]: [3m[38;5;7m[bot: Gamerule doTileDrops is now set to: false][0m
[18:36:03 INFO]: bot issued server command: /setblock 2 111 2 air destroy
[18:36:03 INFO]: [3m[38;5;7m[bot: Changed the block at 2, 111, 2][0m
[18:36:03 INFO]: bot issued server command: /give @s crafting_table
[18:36:03 INFO]: [3m[38;5;7m[bot: Gave 1 [38;5;15m[Crafting Table][38;5;7m to bot][0m
[18:36:03 INFO]: bot issued server command: /setblock 3 111 -3 air destroy
[18:36:03 INFO]: [3m[38;5;7m[bot: Changed the block at 3, 111, -3][0m
[18:36:03 INFO]: bot issued server command: /give @s furnace
[18:36:03 INFO]: [3m[38;5;7m[bot: Gave 1 [38;5;15m[Furnace][38;5;7m to bot][0m
[18:36:03 INFO]: bot issued server command: /gamerule doTileDrops true
[18:36:03 INFO]: [3m[38;5;7m[bot: Gamerule doTileDrops is now set to: true][0m
[18:36:04 INFO]: bot issued server command: /pause
[18:36:11 INFO]: bot issued server command: /pause
[18:36:12 INFO]: bot lost connection: Disconnected
[18:36:12 INFO]: [38;5;11mbot left the game[0m
[18:36:13 INFO]: UUID of player bot is 67128b5b-2e6b-3ad1-baa0-1b937b03e5c5
[18:36:13 INFO]: [DriftSystem] [教学] 老玩家加入: bot
[18:36:13 INFO]: [38;5;11mbot joined the game[0m
[18:36:13 INFO]: bot[/[0:0:0:0:0:0:0:1]:50590] logged in with entity id 322 at ([world]8.5, 124.0, -5.5)
[18:36:14 INFO]: bot issued server command: /gamerule keepInventory true
[18:36:14 INFO]: [3m[38;5;7m[bot: Gamerule keepInventory is now set to: true][0m
[18:36:14 INFO]: bot issued server command: /gamerule doDaylightCycle false
[18:36:14 INFO]: [3m[38;5;7m[bot: Gamerule doDaylightCycle is now set to: false][0m
[18:36:14 INFO]: bot issued server command: /pause
[18:36:15 INFO]: bot issued server command: /pause
[18:36:17 INFO]: [DriftSystem] [PayloadExecutorV1] done build_id=resource_park_bot_1787654176808 executed=759 failed=0 queue_depth=0
[18:36:17 WARN]: [DriftSystem] [PayloadExecutorV1] report failed build_id=resource_park_bot_1787654176808: Failed to connect to /127.0.0.1:8010
[18:36:18 INFO]: bot issued server command: /gamerule doTileDrops false
[18:36:18 INFO]: [3m[38;5;7m[bot: Gamerule doTileDrops is now set to: false][0m
[18:36:18 INFO]: bot issued server command: /setblock 2 111 2 air destroy
[18:36:18 INFO]: [3m[38;5;7m[bot: Changed the block at 2, 111, 2][0m
[18:36:18 INFO]: bot issued server command: /give @s crafting_table
[18:36:18 INFO]: [3m[38;5;7m[bot: Gave 1 [38;5;15m[Crafting Table][38;5;7m to bot][0m
[18:36:18 INFO]: bot issued server command: /setblock 3 111 -3 air destroy
[18:36:18 INFO]: [3m[38;5;7m[bot: Changed the block at 3, 111, -3][0m
[18:36:18 INFO]: bot issued server command: /give @s furnace
[18:36:18 INFO]: [3m[38;5;7m[bot: Gave 1 [38;5;15m[Furnace][38;5;7m to bot][0m
[18:36:18 INFO]: bot issued server command: /gamerule doTileDrops true
[18:36:18 INFO]: [3m[38;5;7m[bot: Gamerule doTileDrops is now set to: true][0m
[18:36:18 INFO]: bot issued server command: /pause
[18:36:19 INFO]: bot issued server command: /pause
[18:36:21 INFO]: bot lost connection: Disconnected
[18:36:21 INFO]: [38;5;11mbot left the game[0m
[18:36:22 INFO]: UUID of player bot is 67128b5b-2e6b-3ad1-baa0-1b937b03e5c5
[18:36:22 INFO]: [DriftSystem] [教学] 老玩家加入: bot
[18:36:22 INFO]: [38;5;11mbot joined the game[0m
[18:36:22 INFO]: bot[/[0:0:0:0:0:0:0:1]:50601] logged in with entity id 327 at ([world]8.5, 124.0, -5.5)
[18:36:23 INFO]: bot issued server command: /gamerule keepInventory true
[18:36:23 INFO]: [3m[38;5;7m[bot: Gamerule keepInventory is now set to: true][0m
[18:36:23 INFO]: bot issued server command: /gamerule doDaylightCycle false
[18:36:23 INFO]: [3m[38;5;7m[bot: Gamerule doDaylightCycle is now set to: false][0m
[18:36:23 INFO]: bot issued server command: /pause
[18:36:24 INFO]: bot issued server command: /pause
[18:36:25 INFO]: [DriftSystem] [PayloadExecutorV1] done build_id=resource_park_bot_1787654185508 executed=759 failed=0 queue_depth=0
[18:36:25 WARN]: [DriftSystem] [PayloadExecutorV1] report failed build_id=resource_park_bot_1787654185508: Failed to connect to /127.0.0.1:8010
[18:36:26 INFO]: bot issued server command: /time set 5000
[18:36:26 INFO]: [3m[38;5;7m[bot: Set the time to 5000][0m
[18:36:26 INFO]: bot issued server command: /difficulty peaceful
[18:36:26 INFO]: bot issued server command: /gamerule doTileDrops false
[18:36:26 INFO]: [3m[38;5;7m[bot: Gamerule doTileDrops is now set to: false][0m
[18:36:26 INFO]: bot issued server command: /setblock 2 111 2 air destroy
[18:36:26 INFO]: [3m[38;5;7m[bot: Changed the block at 2, 111, 2][0m
[18:36:26 INFO]: bot issued server command: /give @s crafting_table
[18:36:26 INFO]: [3m[38;5;7m[bot: Gave 1 [38;5;15m[Crafting Table][38;5;7m to bot][0m
[18:36:26 INFO]: bot issued server command: /setblock 3 111 -3 air destroy
[18:36:26 INFO]: [3m[38;5;7m[bot: Changed the block at 3, 111, -3][0m
[18:36:26 INFO]: bot issued server command: /give @s furnace
[18:36:26 INFO]: [3m[38;5;7m[bot: Gave 1 [38;5;15m[Furnace][38;5;7m to bot][0m
[18:36:26 INFO]: bot issued server command: /gamerule doTileDrops true
[18:36:26 INFO]: [3m[38;5;7m[bot: Gamerule doTileDrops is now set to: true][0m
[18:36:27 INFO]: bot issued server command: /pause
[18:36:36 INFO]: bot issued server command: /pause
[18:36:37 INFO]: bot lost connection: Disconnected
[18:36:37 INFO]: [38;5;11mbot left the game[0m
[18:36:39 INFO]: UUID of player bot is 67128b5b-2e6b-3ad1-baa0-1b937b03e5c5
[18:36:39 INFO]: [DriftSystem] [教学] 老玩家加入: bot
[18:36:39 INFO]: [38;5;11mbot joined the game[0m
[18:36:39 INFO]: bot[/[0:0:0:0:0:0:0:1]:50659] logged in with entity id 338 at ([world]8.5, 124.0, -5.5)
[18:36:40 INFO]: bot issued server command: /gamerule keepInventory true
[18:36:40 INFO]: [3m[38;5;7m[bot: Gamerule keepInventory is now set to: true][0m
[18:36:40 INFO]: bot issued server command: /gamerule doDaylightCycle false
[18:36:40 INFO]: [3m[38;5;7m[bot: Gamerule doDaylightCycle is now set to: false][0m
[18:36:40 INFO]: bot issued server command: /pause
[18:36:41 INFO]: bot issued server command: /pause
[18:36:42 INFO]: [DriftSystem] [PayloadExecutorV1] done build_id=resource_park_bot_1787654202358 executed=759 failed=0 queue_depth=0
[18:36:42 WARN]: [DriftSystem] [PayloadExecutorV1] report failed build_id=resource_park_bot_1787654202358: Failed to connect to /127.0.0.1:8010
[18:36:43 INFO]: bot issued server command: /gamerule doTileDrops false
[18:36:43 INFO]: [3m[38;5;7m[bot: Gamerule doTileDrops is now set to: false][0m
[18:36:43 INFO]: bot issued server command: /setblock 2 111 2 air destroy
[18:36:43 INFO]: [3m[38;5;7m[bot: Changed the block at 2, 111, 2][0m
[18:36:43 INFO]: bot issued server command: /give @s crafting_table
[18:36:43 INFO]: [3m[38;5;7m[bot: Gave 1 [38;5;15m[Crafting Table][38;5;7m to bot][0m
[18:36:43 INFO]: bot issued server command: /setblock 3 111 -3 air destroy
[18:36:43 INFO]: [3m[38;5;7m[bot: Changed the block at 3, 111, -3][0m
[18:36:43 INFO]: bot issued server command: /give @s furnace
[18:36:43 INFO]: [3m[38;5;7m[bot: Gave 1 [38;5;15m[Furnace][38;5;7m to bot][0m
[18:36:43 INFO]: bot issued server command: /gamerule doTileDrops true
[18:36:43 INFO]: [3m[38;5;7m[bot: Gamerule doTileDrops is now set to: true][0m
[18:36:44 INFO]: bot issued server command: /pause
[18:36:49 INFO]: bot issued server command: /pause
[18:36:50 INFO]: bot lost connection: Disconnected
[18:36:50 INFO]: [38;5;11mbot left the game[0m
[18:36:52 INFO]: UUID of player bot is 67128b5b-2e6b-3ad1-baa0-1b937b03e5c5
[18:36:52 INFO]: [DriftSystem] [教学] 老玩家加入: bot
[18:36:52 INFO]: [38;5;11mbot joined the game[0m
[18:36:52 INFO]: bot[/[0:0:0:0:0:0:0:1]:50688] logged in with entity id 348 at ([world]8.5, 124.0, -5.5)
[18:36:53 INFO]: bot issued server command: /gamerule keepInventory true
[18:36:53 INFO]: [3m[38;5;7m[bot: Gamerule keepInventory is now set to: true][0m
[18:36:53 INFO]: bot issued server command: /gamerule doDaylightCycle false
[18:36:53 INFO]: [3m[38;5;7m[bot: Gamerule doDaylightCycle is now set to: false][0m
[18:36:53 INFO]: bot issued server command: /pause
[18:36:54 INFO]: bot issued server command: /pause
[18:36:55 INFO]: [DriftSystem] [PayloadExecutorV1] done build_id=resource_park_bot_1787654215409 executed=759 failed=0 queue_depth=0
[18:36:55 WARN]: [DriftSystem] [PayloadExecutorV1] report failed build_id=resource_park_bot_1787654215409: Failed to connect to /127.0.0.1:8010
[18:36:56 INFO]: bot issued server command: /time set 6000
[18:36:56 INFO]: [3m[38;5;7m[bot: Set the time to 6000][0m
[18:36:56 INFO]: bot issued server command: /difficulty peaceful
[18:36:56 INFO]: bot issued server command: /gamerule doTileDrops false
[18:36:56 INFO]: [3m[38;5;7m[bot: Gamerule doTileDrops is now set to: false][0m
[18:36:56 INFO]: bot issued server command: /setblock 2 111 2 air destroy
[18:36:56 INFO]: [3m[38;5;7m[bot: Changed the block at 2, 111, 2][0m
[18:36:56 INFO]: bot issued server command: /give @s crafting_table
[18:36:56 INFO]: [3m[38;5;7m[bot: Gave 1 [38;5;15m[Crafting Table][38;5;7m to bot][0m
[18:36:56 INFO]: bot issued server command: /setblock 3 111 -3 air destroy
[18:36:56 INFO]: [3m[38;5;7m[bot: Changed the block at 3, 111, -3][0m
[18:36:56 INFO]: bot issued server command: /give @s furnace
[18:36:56 INFO]: [3m[38;5;7m[bot: Gave 1 [38;5;15m[Furnace][38;5;7m to bot][0m
[18:36:56 INFO]: bot issued server command: /gamerule doTileDrops true
[18:36:56 INFO]: [3m[38;5;7m[bot: Gamerule doTileDrops is now set to: true][0m
[18:36:57 INFO]: bot issued server command: /pause
[18:37:03 INFO]: bot issued server command: /pause
[18:37:04 INFO]: bot lost connection: Disconnected
[18:37:04 INFO]: [38;5;11mbot left the game[0m
[18:37:06 INFO]: UUID of player bot is 67128b5b-2e6b-3ad1-baa0-1b937b03e5c5
[18:37:06 INFO]: [DriftSystem] [教学] 老玩家加入: bot
[18:37:06 INFO]: [38;5;11mbot joined the game[0m
[18:37:06 INFO]: bot[/[0:0:0:0:0:0:0:1]:50720] logged in with entity id 357 at ([world]8.5, 124.0, -5.5)
[18:37:07 INFO]: bot issued server command: /gamerule keepInventory true
[18:37:07 INFO]: [3m[38;5;7m[bot: Gamerule keepInventory is now set to: true][0m
[18:37:07 INFO]: bot issued server command: /gamerule doDaylightCycle false
[18:37:07 INFO]: [3m[38;5;7m[bot: Gamerule doDaylightCycle is now set to: false][0m
[18:37:07 INFO]: bot issued server command: /pause
[18:37:08 INFO]: bot issued server command: /pause
[18:37:09 INFO]: [DriftSystem] [PayloadExecutorV1] done build_id=resource_park_bot_1787654229159 executed=759 failed=0 queue_depth=0
[18:37:09 WARN]: [DriftSystem] [PayloadExecutorV1] report failed build_id=resource_park_bot_1787654229159: Failed to connect to /127.0.0.1:8010
[18:37:10 INFO]: bot issued server command: /gamerule doTileDrops false
[18:37:10 INFO]: [3m[38;5;7m[bot: Gamerule doTileDrops is now set to: false][0m
[18:37:10 INFO]: bot issued server command: /setblock 2 111 2 air destroy
[18:37:10 INFO]: [3m[38;5;7m[bot: Changed the block at 2, 111, 2][0m
[18:37:10 INFO]: bot issued server command: /give @s crafting_table
[18:37:10 INFO]: [3m[38;5;7m[bot: Gave 1 [38;5;15m[Crafting Table][38;5;7m to bot][0m
[18:37:10 INFO]: bot issued server command: /setblock 3 111 -3 air destroy
[18:37:10 INFO]: [3m[38;5;7m[bot: Changed the block at 3, 111, -3][0m
[18:37:10 INFO]: bot issued server command: /give @s furnace
[18:37:10 INFO]: [3m[38;5;7m[bot: Gave 1 [38;5;15m[Furnace][38;5;7m to bot][0m
[18:37:10 INFO]: bot issued server command: /gamerule doTileDrops true
[18:37:10 INFO]: [3m[38;5;7m[bot: Gamerule doTileDrops is now set to: true][0m
[18:37:11 INFO]: bot issued server command: /pause
[18:37:12 INFO]: bot issued server command: /pause
[18:37:13 INFO]: bot lost connection: Disconnected
[18:37:13 INFO]: [38;5;11mbot left the game[0m
[18:37:14 INFO]: UUID of player bot is 67128b5b-2e6b-3ad1-baa0-1b937b03e5c5
[18:37:14 INFO]: [DriftSystem] [教学] 老玩家加入: bot
[18:37:14 INFO]: [38;5;11mbot joined the game[0m
[18:37:14 INFO]: bot[/[0:0:0:0:0:0:0:1]:50749] logged in with entity id 362 at ([world]8.5, 124.0, -5.5)
[18:37:16 INFO]: bot issued server command: /gamerule keepInventory true
[18:37:16 INFO]: [3m[38;5;7m[bot: Gamerule keepInventory is now set to: true][0m
[18:37:16 INFO]: bot issued server command: /gamerule doDaylightCycle false
[18:37:16 INFO]: [3m[38;5;7m[bot: Gamerule doDaylightCycle is now set to: false][0m
[18:37:16 INFO]: bot issued server command: /pause
[18:37:17 INFO]: bot issued server command: /pause
[18:37:18 INFO]: [DriftSystem] [PayloadExecutorV1] done build_id=resource_park_bot_1787654237859 executed=759 failed=0 queue_depth=0
[18:37:18 WARN]: [DriftSystem] [PayloadExecutorV1] report failed build_id=resource_park_bot_1787654237859: Failed to connect to /127.0.0.1:8010
[18:37:19 INFO]: bot issued server command: /time set 7000
[18:37:19 INFO]: [3m[38;5;7m[bot: Set the time to 7000][0m
[18:37:19 INFO]: bot issued server command: /difficulty peaceful
[18:37:19 INFO]: bot issued server command: /gamerule doTileDrops false
[18:37:19 INFO]: [3m[38;5;7m[bot: Gamerule doTileDrops is now set to: false][0m
[18:37:19 INFO]: bot issued server command: /setblock 2 111 2 air destroy
[18:37:19 INFO]: [3m[38;5;7m[bot: Changed the block at 2, 111, 2][0m
[18:37:19 INFO]: bot issued server command: /give @s crafting_table
[18:37:19 INFO]: [3m[38;5;7m[bot: Gave 1 [38;5;15m[Crafting Table][38;5;7m to bot][0m
[18:37:19 INFO]: bot issued server command: /setblock 3 111 -3 air destroy
[18:37:19 INFO]: [3m[38;5;7m[bot: Changed the block at 3, 111, -3][0m
[18:37:19 INFO]: bot issued server command: /give @s furnace
[18:37:19 INFO]: [3m[38;5;7m[bot: Gave 1 [38;5;15m[Furnace][38;5;7m to bot][0m
[18:37:19 INFO]: bot issued server command: /gamerule doTileDrops true
[18:37:19 INFO]: [3m[38;5;7m[bot: Gamerule doTileDrops is now set to: true][0m
[18:37:20 INFO]: bot issued server command: /pause
[18:37:29 INFO]: bot issued server command: /pause
[18:37:30 INFO]: bot lost connection: Disconnected
[18:37:30 INFO]: [38;5;11mbot left the game[0m
[18:37:31 INFO]: UUID of player bot is 67128b5b-2e6b-3ad1-baa0-1b937b03e5c5
[18:37:31 INFO]: [DriftSystem] [教学] 老玩家加入: bot
[18:37:31 INFO]: [38;5;11mbot joined the game[0m
[18:37:31 INFO]: bot[/[0:0:0:0:0:0:0:1]:50790] logged in with entity id 376 at ([world]8.5, 124.0, -5.5)
[18:37:32 INFO]: bot issued server command: /gamerule keepInventory true
[18:37:32 INFO]: [3m[38;5;7m[bot: Gamerule keepInventory is now set to: true][0m
[18:37:32 INFO]: bot issued server command: /gamerule doDaylightCycle false
[18:37:32 INFO]: [3m[38;5;7m[bot: Gamerule doDaylightCycle is now set to: false][0m
[18:37:32 INFO]: bot issued server command: /pause
[18:37:33 INFO]: bot issued server command: /pause
[18:37:35 INFO]: [DriftSystem] [PayloadExecutorV1] done build_id=resource_park_bot_1787654254659 executed=759 failed=0 queue_depth=0
[18:37:35 WARN]: [DriftSystem] [PayloadExecutorV1] report failed build_id=resource_park_bot_1787654254659: Failed to connect to /127.0.0.1:8010
[18:37:35 INFO]: bot issued server command: /gamerule doTileDrops false
[18:37:35 INFO]: [3m[38;5;7m[bot: Gamerule doTileDrops is now set to: false][0m
[18:37:35 INFO]: bot issued server command: /setblock 2 111 2 air destroy
[18:37:35 INFO]: [3m[38;5;7m[bot: Changed the block at 2, 111, 2][0m
[18:37:35 INFO]: bot issued server command: /give @s crafting_table
[18:37:35 INFO]: [3m[38;5;7m[bot: Gave 1 [38;5;15m[Crafting Table][38;5;7m to bot][0m
[18:37:35 INFO]: bot issued server command: /setblock 3 111 -3 air destroy
[18:37:35 INFO]: [3m[38;5;7m[bot: Changed the block at 3, 111, -3][0m
[18:37:35 INFO]: bot issued server command: /give @s furnace
[18:37:35 INFO]: [3m[38;5;7m[bot: Gave 1 [38;5;15m[Furnace][38;5;7m to bot][0m
[18:37:35 INFO]: bot issued server command: /gamerule doTileDrops true
[18:37:35 INFO]: [3m[38;5;7m[bot: Gamerule doTileDrops is now set to: true][0m
[18:37:36 INFO]: bot issued server command: /pause
[18:37:41 INFO]: bot issued server command: /pause
[18:37:42 INFO]: bot lost connection: Disconnected
[18:37:42 INFO]: [38;5;11mbot left the game[0m
[18:37:44 INFO]: UUID of player bot is 67128b5b-2e6b-3ad1-baa0-1b937b03e5c5
[18:37:44 INFO]: [DriftSystem] [教学] 老玩家加入: bot
[18:37:44 INFO]: [38;5;11mbot joined the game[0m
[18:37:44 INFO]: bot[/[0:0:0:0:0:0:0:1]:50813] logged in with entity id 388 at ([world]8.5, 124.0, -5.5)
[18:37:45 INFO]: bot issued server command: /gamerule keepInventory true
[18:37:45 INFO]: [3m[38;5;7m[bot: Gamerule keepInventory is now set to: true][0m
[18:37:45 INFO]: bot issued server command: /gamerule doDaylightCycle false
[18:37:45 INFO]: [3m[38;5;7m[bot: Gamerule doDaylightCycle is now set to: false][0m
[18:37:45 INFO]: bot issued server command: /pause
[18:37:46 INFO]: bot issued server command: /pause
[18:37:47 INFO]: [DriftSystem] [PayloadExecutorV1] done build_id=resource_park_bot_1787654267159 executed=759 failed=0 queue_depth=0
[18:37:47 WARN]: [DriftSystem] [PayloadExecutorV1] report failed build_id=resource_park_bot_1787654267159: Failed to connect to /127.0.0.1:8010
[18:37:48 INFO]: bot issued server command: /time set 8000
[18:37:48 INFO]: [3m[38;5;7m[bot: Set the time to 8000][0m
[18:37:48 INFO]: bot issued server command: /difficulty peaceful
[18:37:48 INFO]: bot issued server command: /gamerule doTileDrops false
[18:37:48 INFO]: [3m[38;5;7m[bot: Gamerule doTileDrops is now set to: false][0m
[18:37:48 INFO]: bot issued server command: /setblock 2 111 2 air destroy
[18:37:48 INFO]: [3m[38;5;7m[bot: Changed the block at 2, 111, 2][0m
[18:37:48 INFO]: bot issued server command: /give @s crafting_table
[18:37:48 INFO]: [3m[38;5;7m[bot: Gave 1 [38;5;15m[Crafting Table][38;5;7m to bot][0m
[18:37:48 INFO]: bot issued server command: /setblock 3 111 -3 air destroy
[18:37:48 INFO]: [3m[38;5;7m[bot: Changed the block at 3, 111, -3][0m
[18:37:48 INFO]: bot issued server command: /give @s furnace
[18:37:48 INFO]: [3m[38;5;7m[bot: Gave 1 [38;5;15m[Furnace][38;5;7m to bot][0m
[18:37:48 INFO]: bot issued server command: /gamerule doTileDrops true
[18:37:48 INFO]: [3m[38;5;7m[bot: Gamerule doTileDrops is now set to: true][0m
[18:37:49 INFO]: bot issued server command: /pause
[18:37:55 INFO]: bot issued server command: /pause
[18:37:56 INFO]: bot lost connection: Disconnected
[18:37:56 INFO]: [38;5;11mbot left the game[0m
[18:37:58 INFO]: UUID of player bot is 67128b5b-2e6b-3ad1-baa0-1b937b03e5c5
[18:37:58 INFO]: [DriftSystem] [教学] 老玩家加入: bot
[18:37:58 INFO]: [38;5;11mbot joined the game[0m
[18:37:58 INFO]: bot[/[0:0:0:0:0:0:0:1]:50828] logged in with entity id 397 at ([world]8.5, 124.0, -5.5)
[18:37:59 INFO]: bot issued server command: /gamerule keepInventory true
[18:37:59 INFO]: [3m[38;5;7m[bot: Gamerule keepInventory is now set to: true][0m
[18:37:59 INFO]: bot issued server command: /gamerule doDaylightCycle false
[18:37:59 INFO]: [3m[38;5;7m[bot: Gamerule doDaylightCycle is now set to: false][0m
[18:37:59 INFO]: bot issued server command: /pause
[18:38:00 INFO]: bot issued server command: /pause
[18:38:01 INFO]: [DriftSystem] [PayloadExecutorV1] done build_id=resource_park_bot_1787654281109 executed=759 failed=0 queue_depth=0
[18:38:01 WARN]: [DriftSystem] [PayloadExecutorV1] report failed build_id=resource_park_bot_1787654281109: Failed to connect to /127.0.0.1:8010
[18:38:02 INFO]: bot issued server command: /gamerule doTileDrops false
[18:38:02 INFO]: [3m[38;5;7m[bot: Gamerule doTileDrops is now set to: false][0m
[18:38:02 INFO]: bot issued server command: /setblock 2 111 2 air destroy
[18:38:02 INFO]: [3m[38;5;7m[bot: Changed the block at 2, 111, 2][0m
[18:38:02 INFO]: bot issued server command: /give @s crafting_table
[18:38:02 INFO]: [3m[38;5;7m[bot: Gave 1 [38;5;15m[Crafting Table][38;5;7m to bot][0m
[18:38:02 INFO]: bot issued server command: /setblock 3 111 -3 air destroy
[18:38:02 INFO]: [3m[38;5;7m[bot: Changed the block at 3, 111, -3][0m
[18:38:02 INFO]: bot issued server command: /give @s furnace
[18:38:02 INFO]: [3m[38;5;7m[bot: Gave 1 [38;5;15m[Furnace][38;5;7m to bot][0m
[18:38:02 INFO]: bot issued server command: /gamerule doTileDrops true
[18:38:02 INFO]: [3m[38;5;7m[bot: Gamerule doTileDrops is now set to: true][0m
[18:38:03 INFO]: bot issued server command: /pause
[18:38:04 INFO]: bot issued server command: /pause
[18:38:05 INFO]: bot lost connection: Disconnected
[18:38:05 INFO]: [38;5;11mbot left the game[0m
[18:38:06 INFO]: UUID of player bot is 67128b5b-2e6b-3ad1-baa0-1b937b03e5c5
[18:38:06 INFO]: [DriftSystem] [教学] 老玩家加入: bot
[18:38:06 INFO]: [38;5;11mbot joined the game[0m
[18:38:06 INFO]: bot[/[0:0:0:0:0:0:0:1]:50874] logged in with entity id 406 at ([world]8.5, 124.0, -5.5)
[18:38:07 INFO]: bot issued server command: /gamerule keepInventory true
[18:38:07 INFO]: [3m[38;5;7m[bot: Gamerule keepInventory is now set to: true][0m
[18:38:07 INFO]: bot issued server command: /gamerule doDaylightCycle false
[18:38:07 INFO]: [3m[38;5;7m[bot: Gamerule doDaylightCycle is now set to: false][0m
[18:38:07 INFO]: bot issued server command: /pause
[18:38:08 INFO]: bot issued server command: /pause
[18:38:10 INFO]: [DriftSystem] [PayloadExecutorV1] done build_id=resource_park_bot_1787654289759 executed=759 failed=0 queue_depth=0
[18:38:10 WARN]: [DriftSystem] [PayloadExecutorV1] report failed build_id=resource_park_bot_1787654289759: Failed to connect to /127.0.0.1:8010
[18:38:10 INFO]: bot issued server command: /time set 9000
[18:38:10 INFO]: [3m[38;5;7m[bot: Set the time to 9000][0m
[18:38:10 INFO]: bot issued server command: /difficulty peaceful
[18:38:10 INFO]: bot issued server command: /gamerule doTileDrops false
[18:38:10 INFO]: [3m[38;5;7m[bot: Gamerule doTileDrops is now set to: false][0m
[18:38:10 INFO]: bot issued server command: /setblock 2 111 2 air destroy
[18:38:10 INFO]: [3m[38;5;7m[bot: Changed the block at 2, 111, 2][0m
[18:38:10 INFO]: bot issued server command: /give @s crafting_table
[18:38:10 INFO]: [3m[38;5;7m[bot: Gave 1 [38;5;15m[Crafting Table][38;5;7m to bot][0m
[18:38:10 INFO]: bot issued server command: /setblock 3 111 -3 air destroy
[18:38:10 INFO]: [3m[38;5;7m[bot: Changed the block at 3, 111, -3][0m
[18:38:10 INFO]: bot issued server command: /give @s furnace
[18:38:10 INFO]: [3m[38;5;7m[bot: Gave 1 [38;5;15m[Furnace][38;5;7m to bot][0m
[18:38:10 INFO]: bot issued server command: /gamerule doTileDrops true
[18:38:10 INFO]: [3m[38;5;7m[bot: Gamerule doTileDrops is now set to: true][0m
[18:38:11 INFO]: bot issued server command: /pause
[18:38:21 INFO]: bot issued server command: /pause
[18:38:22 INFO]: bot lost connection: Disconnected
[18:38:22 INFO]: [38;5;11mbot left the game[0m
[18:38:23 INFO]: UUID of player bot is 67128b5b-2e6b-3ad1-baa0-1b937b03e5c5
[18:38:23 INFO]: [DriftSystem] [教学] 老玩家加入: bot
[18:38:23 INFO]: [38;5;11mbot joined the game[0m
[18:38:23 INFO]: bot[/[0:0:0:0:0:0:0:1]:50907] logged in with entity id 417 at ([world]8.5, 124.0, -5.5)
[18:38:24 INFO]: bot issued server command: /gamerule keepInventory true
[18:38:24 INFO]: [3m[38;5;7m[bot: Gamerule keepInventory is now set to: true][0m
[18:38:24 INFO]: bot issued server command: /gamerule doDaylightCycle false
[18:38:24 INFO]: [3m[38;5;7m[bot: Gamerule doDaylightCycle is now set to: false][0m
[18:38:24 INFO]: bot issued server command: /pause
[18:38:25 INFO]: bot issued server command: /pause
[18:38:27 INFO]: [DriftSystem] [PayloadExecutorV1] done build_id=resource_park_bot_1787654306609 executed=759 failed=0 queue_depth=0
[18:38:27 WARN]: [DriftSystem] [PayloadExecutorV1] report failed build_id=resource_park_bot_1787654306609: Failed to connect to /127.0.0.1:8010
[18:38:27 INFO]: bot issued server command: /gamerule doTileDrops false
[18:38:27 INFO]: [3m[38;5;7m[bot: Gamerule doTileDrops is now set to: false][0m
[18:38:27 INFO]: bot issued server command: /setblock 2 111 2 air destroy
[18:38:27 INFO]: [3m[38;5;7m[bot: Changed the block at 2, 111, 2][0m
[18:38:27 INFO]: bot issued server command: /give @s crafting_table
[18:38:27 INFO]: [3m[38;5;7m[bot: Gave 1 [38;5;15m[Crafting Table][38;5;7m to bot][0m
[18:38:27 INFO]: bot issued server command: /setblock 3 111 -3 air destroy
[18:38:27 INFO]: [3m[38;5;7m[bot: Changed the block at 3, 111, -3][0m
[18:38:27 INFO]: bot issued server command: /give @s furnace
[18:38:27 INFO]: [3m[38;5;7m[bot: Gave 1 [38;5;15m[Furnace][38;5;7m to bot][0m
[18:38:27 INFO]: bot issued server command: /gamerule doTileDrops true
[18:38:27 INFO]: [3m[38;5;7m[bot: Gamerule doTileDrops is now set to: true][0m
[18:38:28 INFO]: bot issued server command: /pause
[18:38:33 INFO]: bot issued server command: /pause
[18:38:34 INFO]: bot lost connection: Disconnected
[18:38:34 INFO]: [38;5;11mbot left the game[0m
[18:38:36 INFO]: UUID of player bot is 67128b5b-2e6b-3ad1-baa0-1b937b03e5c5
[18:38:36 INFO]: [DriftSystem] [教学] 老玩家加入: bot
[18:38:36 INFO]: [38;5;11mbot joined the game[0m
[18:38:36 INFO]: bot[/[0:0:0:0:0:0:0:1]:50957] logged in with entity id 424 at ([world]8.5, 124.0, -5.5)
[18:38:37 INFO]: bot issued server command: /gamerule keepInventory true
[18:38:37 INFO]: [3m[38;5;7m[bot: Gamerule keepInventory is now set to: true][0m
[18:38:37 INFO]: bot issued server command: /gamerule doDaylightCycle false
[18:38:37 INFO]: [3m[38;5;7m[bot: Gamerule doDaylightCycle is now set to: false][0m
[18:38:37 INFO]: bot issued server command: /pause
[18:38:38 INFO]: bot issued server command: /pause
[18:38:39 INFO]: [DriftSystem] [PayloadExecutorV1] done build_id=resource_park_bot_1787654319059 executed=759 failed=0 queue_depth=0
[18:38:39 WARN]: [DriftSystem] [PayloadExecutorV1] report failed build_id=resource_park_bot_1787654319059: Failed to connect to /127.0.0.1:8010
[18:38:40 INFO]: bot issued server command: /time set 10000
[18:38:40 INFO]: [3m[38;5;7m[bot: Set the time to 10000][0m
[18:38:40 INFO]: bot issued server command: /difficulty peaceful
[18:38:40 INFO]: bot issued server command: /gamerule doTileDrops false
[18:38:40 INFO]: [3m[38;5;7m[bot: Gamerule doTileDrops is now set to: false][0m
[18:38:40 INFO]: bot issued server command: /setblock 2 111 2 air destroy
[18:38:40 INFO]: [3m[38;5;7m[bot: Changed the block at 2, 111, 2][0m
[18:38:40 INFO]: bot issued server command: /give @s crafting_table
[18:38:40 INFO]: [3m[38;5;7m[bot: Gave 1 [38;5;15m[Crafting Table][38;5;7m to bot][0m
[18:38:40 INFO]: bot issued server command: /setblock 3 111 -3 air destroy
[18:38:40 INFO]: [3m[38;5;7m[bot: Changed the block at 3, 111, -3][0m
[18:38:40 INFO]: bot issued server command: /give @s furnace
[18:38:40 INFO]: [3m[38;5;7m[bot: Gave 1 [38;5;15m[Furnace][38;5;7m to bot][0m
[18:38:40 INFO]: bot issued server command: /gamerule doTileDrops true
[18:38:40 INFO]: [3m[38;5;7m[bot: Gamerule doTileDrops is now set to: true][0m
[18:38:41 INFO]: bot issued server command: /pause
[18:38:47 INFO]: bot issued server command: /pause
[18:38:49 INFO]: bot lost connection: Disconnected
[18:38:49 INFO]: [38;5;11mbot left the game[0m
[18:38:50 INFO]: UUID of player bot is 67128b5b-2e6b-3ad1-baa0-1b937b03e5c5
[18:38:50 INFO]: [DriftSystem] [教学] 老玩家加入: bot
[18:38:50 INFO]: [38;5;11mbot joined the game[0m
[18:38:50 INFO]: bot[/[0:0:0:0:0:0:0:1]:50991] logged in with entity id 439 at ([world]8.5, 124.0, -5.5)
[18:38:51 INFO]: bot issued server command: /gamerule keepInventory true
[18:38:51 INFO]: [3m[38;5;7m[bot: Gamerule keepInventory is now set to: true][0m
[18:38:51 INFO]: bot issued server command: /gamerule doDaylightCycle false
[18:38:51 INFO]: [3m[38;5;7m[bot: Gamerule doDaylightCycle is now set to: false][0m
[18:38:51 INFO]: bot issued server command: /pause
[18:38:52 INFO]: bot issued server command: /pause
[18:38:53 INFO]: [DriftSystem] [PayloadExecutorV1] done build_id=resource_park_bot_1787654333509 executed=759 failed=0 queue_depth=0
[18:38:53 WARN]: [DriftSystem] [PayloadExecutorV1] report failed build_id=resource_park_bot_1787654333509: Failed to connect to /127.0.0.1:8010
[18:38:54 INFO]: bot issued server command: /gamerule doTileDrops false
[18:38:54 INFO]: [3m[38;5;7m[bot: Gamerule doTileDrops is now set to: false][0m
[18:38:54 INFO]: bot issued server command: /setblock 2 111 2 air destroy
[18:38:54 INFO]: [3m[38;5;7m[bot: Changed the block at 2, 111, 2][0m
[18:38:54 INFO]: bot issued server command: /give @s crafting_table
[18:38:54 INFO]: [3m[38;5;7m[bot: Gave 1 [38;5;15m[Crafting Table][38;5;7m to bot][0m
[18:38:54 INFO]: bot issued server command: /setblock 3 111 -3 air destroy
[18:38:54 INFO]: [3m[38;5;7m[bot: Changed the block at 3, 111, -3][0m
[18:38:54 INFO]: bot issued server command: /give @s furnace
[18:38:54 INFO]: [3m[38;5;7m[bot: Gave 1 [38;5;15m[Furnace][38;5;7m to bot][0m
[18:38:54 INFO]: bot issued server command: /gamerule doTileDrops true
[18:38:54 INFO]: [3m[38;5;7m[bot: Gamerule doTileDrops is now set to: true][0m
[18:38:55 INFO]: bot issued server command: /pause
[18:38:56 INFO]: bot issued server command: /pause
[18:38:57 INFO]: bot lost connection: Disconnected
[18:38:57 INFO]: [38;5;11mbot left the game[0m
[18:38:59 INFO]: UUID of player bot is 67128b5b-2e6b-3ad1-baa0-1b937b03e5c5
[18:38:59 INFO]: [DriftSystem] [教学] 老玩家加入: bot
[18:38:59 INFO]: [38;5;11mbot joined the game[0m
[18:38:59 INFO]: bot[/[0:0:0:0:0:0:0:1]:51017] logged in with entity id 445 at ([world]8.5, 124.0, -5.5)
[18:39:00 INFO]: bot issued server command: /gamerule keepInventory true
[18:39:00 INFO]: [3m[38;5;7m[bot: Gamerule keepInventory is now set to: true][0m
[18:39:00 INFO]: bot issued server command: /gamerule doDaylightCycle false
[18:39:00 INFO]: [3m[38;5;7m[bot: Gamerule doDaylightCycle is now set to: false][0m
[18:39:00 INFO]: bot issued server command: /pause
[18:39:01 INFO]: bot issued server command: /pause
[18:39:02 INFO]: [DriftSystem] [PayloadExecutorV1] done build_id=resource_park_bot_1787654342159 executed=759 failed=0 queue_depth=0
[18:39:02 WARN]: [DriftSystem] [PayloadExecutorV1] report failed build_id=resource_park_bot_1787654342159: Failed to connect to /127.0.0.1:8010
[18:39:03 INFO]: bot issued server command: /time set 11000
[18:39:03 INFO]: [3m[38;5;7m[bot: Set the time to 11000][0m
[18:39:03 INFO]: bot issued server command: /difficulty peaceful
[18:39:03 INFO]: bot issued server command: /gamerule doTileDrops false
[18:39:03 INFO]: [3m[38;5;7m[bot: Gamerule doTileDrops is now set to: false][0m
[18:39:03 INFO]: bot issued server command: /setblock 2 111 2 air destroy
[18:39:03 INFO]: [3m[38;5;7m[bot: Changed the block at 2, 111, 2][0m
[18:39:03 INFO]: bot issued server command: /give @s crafting_table
[18:39:03 INFO]: [3m[38;5;7m[bot: Gave 1 [38;5;15m[Crafting Table][38;5;7m to bot][0m
[18:39:03 INFO]: bot issued server command: /setblock 3 111 -3 air destroy
[18:39:03 INFO]: [3m[38;5;7m[bot: Changed the block at 3, 111, -3][0m
[18:39:03 INFO]: bot issued server command: /give @s furnace
[18:39:03 INFO]: [3m[38;5;7m[bot: Gave 1 [38;5;15m[Furnace][38;5;7m to bot][0m
[18:39:03 INFO]: bot issued server command: /gamerule doTileDrops true
[18:39:03 INFO]: [3m[38;5;7m[bot: Gamerule doTileDrops is now set to: true][0m
[18:39:04 INFO]: bot issued server command: /pause
[18:39:13 INFO]: bot issued server command: /pause
[18:39:14 INFO]: bot lost connection: Disconnected
[18:39:14 INFO]: [38;5;11mbot left the game[0m
[18:39:16 INFO]: UUID of player bot is 67128b5b-2e6b-3ad1-baa0-1b937b03e5c5
[18:39:16 INFO]: [DriftSystem] [教学] 老玩家加入: bot
[18:39:16 INFO]: [38;5;11mbot joined the game[0m
[18:39:16 INFO]: bot[/[0:0:0:0:0:0:0:1]:51043] logged in with entity id 456 at ([world]8.5, 124.0, -5.5)
[18:39:17 INFO]: bot issued server command: /gamerule keepInventory true
[18:39:17 INFO]: [3m[38;5;7m[bot: Gamerule keepInventory is now set to: true][0m
[18:39:17 INFO]: bot issued server command: /gamerule doDaylightCycle false
[18:39:17 INFO]: [3m[38;5;7m[bot: Gamerule doDaylightCycle is now set to: false][0m
[18:39:17 INFO]: bot issued server command: /pause
[18:39:18 INFO]: bot issued server command: /pause
[18:39:19 INFO]: [DriftSystem] [PayloadExecutorV1] done build_id=resource_park_bot_1787654359259 executed=759 failed=0 queue_depth=0
[18:39:19 WARN]: [DriftSystem] [PayloadExecutorV1] report failed build_id=resource_park_bot_1787654359259: Failed to connect to /127.0.0.1:8010
[18:39:20 INFO]: bot issued server command: /gamerule doTileDrops false
[18:39:20 INFO]: [3m[38;5;7m[bot: Gamerule doTileDrops is now set to: false][0m
[18:39:20 INFO]: bot issued server command: /setblock 2 111 2 air destroy
[18:39:20 INFO]: [3m[38;5;7m[bot: Changed the block at 2, 111, 2][0m
[18:39:20 INFO]: bot issued server command: /give @s crafting_table
[18:39:20 INFO]: [3m[38;5;7m[bot: Gave 1 [38;5;15m[Crafting Table][38;5;7m to bot][0m
[18:39:20 INFO]: bot issued server command: /setblock 3 111 -3 air destroy
[18:39:20 INFO]: [3m[38;5;7m[bot: Changed the block at 3, 111, -3][0m
[18:39:20 INFO]: bot issued server command: /give @s furnace
[18:39:20 INFO]: [3m[38;5;7m[bot: Gave 1 [38;5;15m[Furnace][38;5;7m to bot][0m
[18:39:20 INFO]: bot issued server command: /gamerule doTileDrops true
[18:39:20 INFO]: [3m[38;5;7m[bot: Gamerule doTileDrops is now set to: true][0m
[18:39:21 INFO]: bot issued server command: /pause
[18:39:26 INFO]: bot issued server command: /pause
[18:39:27 INFO]: bot lost connection: Disconnected
[18:39:27 INFO]: [38;5;11mbot left the game[0m
[18:39:28 INFO]: UUID of player bot is 67128b5b-2e6b-3ad1-baa0-1b937b03e5c5
[18:39:28 INFO]: [DriftSystem] [教学] 老玩家加入: bot
[18:39:28 INFO]: [38;5;11mbot joined the game[0m
[18:39:28 INFO]: bot[/[0:0:0:0:0:0:0:1]:51080] logged in with entity id 467 at ([world]8.5, 124.0, -5.5)
[18:39:30 INFO]: bot issued server command: /gamerule keepInventory true
[18:39:30 INFO]: [3m[38;5;7m[bot: Gamerule keepInventory is now set to: true][0m
[18:39:30 INFO]: bot issued server command: /gamerule doDaylightCycle false
[18:39:30 INFO]: [3m[38;5;7m[bot: Gamerule doDaylightCycle is now set to: false][0m
[18:39:30 INFO]: bot issued server command: /pause
[18:39:31 INFO]: bot issued server command: /pause
[18:39:32 INFO]: [DriftSystem] [PayloadExecutorV1] done build_id=resource_park_bot_1787654371959 executed=759 failed=0 queue_depth=0
[18:39:32 WARN]: [DriftSystem] [PayloadExecutorV1] report failed build_id=resource_park_bot_1787654371959: Failed to connect to /127.0.0.1:8010
[18:39:33 INFO]: bot issued server command: /time set 12000
[18:39:33 INFO]: [3m[38;5;7m[bot: Set the time to 12000][0m
[18:39:33 INFO]: bot issued server command: /difficulty peaceful
[18:39:33 INFO]: bot issued server command: /gamerule doTileDrops false
[18:39:33 INFO]: [3m[38;5;7m[bot: Gamerule doTileDrops is now set to: false][0m
[18:39:33 INFO]: bot issued server command: /setblock 2 111 2 air destroy
[18:39:33 INFO]: [3m[38;5;7m[bot: Changed the block at 2, 111, 2][0m
[18:39:33 INFO]: bot issued server command: /give @s crafting_table
[18:39:33 INFO]: [3m[38;5;7m[bot: Gave 1 [38;5;15m[Crafting Table][38;5;7m to bot][0m
[18:39:33 INFO]: bot issued server command: /setblock 3 111 -3 air destroy
[18:39:33 INFO]: [3m[38;5;7m[bot: Changed the block at 3, 111, -3][0m
[18:39:33 INFO]: bot issued server command: /give @s furnace
[18:39:33 INFO]: [3m[38;5;7m[bot: Gave 1 [38;5;15m[Furnace][38;5;7m to bot][0m
[18:39:33 INFO]: bot issued server command: /gamerule doTileDrops true
[18:39:33 INFO]: [3m[38;5;7m[bot: Gamerule doTileDrops is now set to: true][0m
[18:39:34 INFO]: bot issued server command: /pause
[18:39:39 INFO]: bot issued server command: /pause
[18:39:40 INFO]: bot lost connection: Disconnected
[18:39:40 INFO]: [38;5;11mbot left the game[0m
[18:39:42 INFO]: UUID of player bot is 67128b5b-2e6b-3ad1-baa0-1b937b03e5c5
[18:39:42 INFO]: [DriftSystem] [教学] 老玩家加入: bot
[18:39:42 INFO]: [38;5;11mbot joined the game[0m
[18:39:42 INFO]: bot[/[0:0:0:0:0:0:0:1]:51128] logged in with entity id 474 at ([world]8.5, 124.0, -5.5)
[18:39:43 INFO]: bot issued server command: /gamerule keepInventory true
[18:39:43 INFO]: [3m[38;5;7m[bot: Gamerule keepInventory is now set to: true][0m
[18:39:43 INFO]: bot issued server command: /gamerule doDaylightCycle false
[18:39:43 INFO]: [3m[38;5;7m[bot: Gamerule doDaylightCycle is now set to: false][0m
[18:39:43 INFO]: bot issued server command: /pause
[18:39:44 INFO]: bot issued server command: /pause
[18:39:45 INFO]: [DriftSystem] [PayloadExecutorV1] done build_id=resource_park_bot_1787654385409 executed=759 failed=0 queue_depth=0
[18:39:45 WARN]: [DriftSystem] [PayloadExecutorV1] report failed build_id=resource_park_bot_1787654385409: Failed to connect to /127.0.0.1:8010
[18:39:46 INFO]: bot issued server command: /gamerule doTileDrops false
[18:39:46 INFO]: [3m[38;5;7m[bot: Gamerule doTileDrops is now set to: false][0m
[18:39:46 INFO]: bot issued server command: /setblock 2 111 2 air destroy
[18:39:46 INFO]: [3m[38;5;7m[bot: Changed the block at 2, 111, 2][0m
[18:39:46 INFO]: bot issued server command: /give @s crafting_table
[18:39:46 INFO]: [3m[38;5;7m[bot: Gave 1 [38;5;15m[Crafting Table][38;5;7m to bot][0m
[18:39:46 INFO]: bot issued server command: /setblock 3 111 -3 air destroy
[18:39:46 INFO]: [3m[38;5;7m[bot: Changed the block at 3, 111, -3][0m
[18:39:46 INFO]: bot issued server command: /give @s furnace
[18:39:46 INFO]: [3m[38;5;7m[bot: Gave 1 [38;5;15m[Furnace][38;5;7m to bot][0m
[18:39:46 INFO]: bot issued server command: /gamerule doTileDrops true
[18:39:46 INFO]: [3m[38;5;7m[bot: Gamerule doTileDrops is now set to: true][0m
[18:39:47 INFO]: bot issued server command: /pause
[18:39:48 INFO]: bot issued server command: /pause
[18:39:49 INFO]: bot lost connection: Disconnected
[18:39:49 INFO]: [38;5;11mbot left the game[0m
[18:39:50 INFO]: UUID of player bot is 67128b5b-2e6b-3ad1-baa0-1b937b03e5c5
[18:39:51 INFO]: [DriftSystem] [教学] 老玩家加入: bot
[18:39:51 INFO]: [38;5;11mbot joined the game[0m
[18:39:51 INFO]: bot[/[0:0:0:0:0:0:0:1]:51161] logged in with entity id 478 at ([world]8.5, 124.0, -5.5)
[18:39:52 INFO]: bot issued server command: /gamerule keepInventory true
[18:39:52 INFO]: [3m[38;5;7m[bot: Gamerule keepInventory is now set to: true][0m
[18:39:52 INFO]: bot issued server command: /gamerule doDaylightCycle false
[18:39:52 INFO]: [3m[38;5;7m[bot: Gamerule doDaylightCycle is now set to: false][0m
[18:39:52 INFO]: bot issued server command: /pause
[18:39:53 INFO]: bot issued server command: /pause
[18:39:54 INFO]: [DriftSystem] [PayloadExecutorV1] done build_id=resource_park_bot_1787654394009 executed=759 failed=0 queue_depth=0
[18:39:54 WARN]: [DriftSystem] [PayloadExecutorV1] report failed build_id=resource_park_bot_1787654394009: Failed to connect to /127.0.0.1:8010
[18:39:55 INFO]: bot issued server command: /time set 13000
[18:39:55 INFO]: [3m[38;5;7m[bot: Set the time to 13000][0m
[18:39:55 INFO]: bot issued server command: /difficulty peaceful
[18:39:55 INFO]: bot issued server command: /gamerule doTileDrops false
[18:39:55 INFO]: [3m[38;5;7m[bot: Gamerule doTileDrops is now set to: false][0m
[18:39:55 INFO]: bot issued server command: /setblock 2 111 2 air destroy
[18:39:55 INFO]: [3m[38;5;7m[bot: Changed the block at 2, 111, 2][0m
[18:39:55 INFO]: bot issued server command: /give @s crafting_table
[18:39:55 INFO]: [3m[38;5;7m[bot: Gave 1 [38;5;15m[Crafting Table][38;5;7m to bot][0m
[18:39:55 INFO]: bot issued server command: /setblock 3 111 -3 air destroy
[18:39:55 INFO]: [3m[38;5;7m[bot: Changed the block at 3, 111, -3][0m
[18:39:55 INFO]: bot issued server command: /give @s furnace
[18:39:55 INFO]: [3m[38;5;7m[bot: Gave 1 [38;5;15m[Furnace][38;5;7m to bot][0m
[18:39:55 INFO]: bot issued server command: /gamerule doTileDrops true
[18:39:55 INFO]: [3m[38;5;7m[bot: Gamerule doTileDrops is now set to: true][0m
[18:39:56 INFO]: bot issued server command: /pause
[18:40:04 INFO]: bot issued server command: /pause
[18:40:05 INFO]: bot lost connection: Disconnected
[18:40:05 INFO]: [38;5;11mbot left the game[0m
[18:40:07 INFO]: UUID of player bot is 67128b5b-2e6b-3ad1-baa0-1b937b03e5c5
[18:40:07 INFO]: [DriftSystem] [教学] 老玩家加入: bot
[18:40:07 INFO]: [38;5;11mbot joined the game[0m
[18:40:07 INFO]: bot[/[0:0:0:0:0:0:0:1]:51194] logged in with entity id 488 at ([world]8.5, 124.0, -5.5)
[18:40:08 INFO]: bot issued server command: /gamerule keepInventory true
[18:40:08 INFO]: [3m[38;5;7m[bot: Gamerule keepInventory is now set to: true][0m
[18:40:08 INFO]: bot issued server command: /gamerule doDaylightCycle false
[18:40:08 INFO]: [3m[38;5;7m[bot: Gamerule doDaylightCycle is now set to: false][0m
[18:40:08 INFO]: bot issued server command: /pause
[18:40:09 INFO]: bot issued server command: /pause
[18:40:10 INFO]: [DriftSystem] [PayloadExecutorV1] done build_id=resource_park_bot_1787654410160 executed=759 failed=0 queue_depth=0
[18:40:10 WARN]: [DriftSystem] [PayloadExecutorV1] report failed build_id=resource_park_bot_1787654410160: Failed to connect to /127.0.0.1:8010
[18:40:11 INFO]: bot issued server command: /gamerule doTileDrops false
[18:40:11 INFO]: [3m[38;5;7m[bot: Gamerule doTileDrops is now set to: false][0m
[18:40:11 INFO]: bot issued server command: /setblock 2 111 2 air destroy
[18:40:11 INFO]: [3m[38;5;7m[bot: Changed the block at 2, 111, 2][0m
[18:40:11 INFO]: bot issued server command: /give @s crafting_table
[18:40:11 INFO]: [3m[38;5;7m[bot: Gave 1 [38;5;15m[Crafting Table][38;5;7m to bot][0m
[18:40:11 INFO]: bot issued server command: /setblock 3 111 -3 air destroy
[18:40:11 INFO]: [3m[38;5;7m[bot: Changed the block at 3, 111, -3][0m
[18:40:11 INFO]: bot issued server command: /give @s furnace
[18:40:11 INFO]: [3m[38;5;7m[bot: Gave 1 [38;5;15m[Furnace][38;5;7m to bot][0m
[18:40:11 INFO]: bot issued server command: /gamerule doTileDrops true
[18:40:11 INFO]: [3m[38;5;7m[bot: Gamerule doTileDrops is now set to: true][0m
[18:40:12 INFO]: bot issued server command: /pause
[18:40:17 INFO]: bot issued server command: /pause
[18:40:18 INFO]: bot lost connection: Disconnected
[18:40:18 INFO]: [38;5;11mbot left the game[0m
[18:40:19 INFO]: UUID of player bot is 67128b5b-2e6b-3ad1-baa0-1b937b03e5c5
[18:40:19 INFO]: [DriftSystem] [教学] 老玩家加入: bot
[18:40:19 INFO]: [38;5;11mbot joined the game[0m
[18:40:19 INFO]: bot[/[0:0:0:0:0:0:0:1]:51217] logged in with entity id 498 at ([world]8.5, 124.0, -5.5)
[18:40:21 INFO]: bot issued server command: /gamerule keepInventory true
[18:40:21 INFO]: [3m[38;5;7m[bot: Gamerule keepInventory is now set to: true][0m
[18:40:21 INFO]: bot issued server command: /gamerule doDaylightCycle false
[18:40:21 INFO]: [3m[38;5;7m[bot: Gamerule doDaylightCycle is now set to: false][0m
[18:40:21 INFO]: bot issued server command: /pause
[18:40:22 INFO]: bot issued server command: /pause
[18:40:23 INFO]: [DriftSystem] [PayloadExecutorV1] done build_id=resource_park_bot_1787654422860 executed=759 failed=0 queue_depth=0
[18:40:23 WARN]: [DriftSystem] [PayloadExecutorV1] report failed build_id=resource_park_bot_1787654422860: Failed to connect to /127.0.0.1:8010
[18:40:24 INFO]: bot issued server command: /time set 15000
[18:40:24 INFO]: [3m[38;5;7m[bot: Set the time to 15000][0m
[18:40:24 INFO]: bot issued server command: /difficulty peaceful
[18:40:24 INFO]: bot issued server command: /gamerule doTileDrops false
[18:40:24 INFO]: [3m[38;5;7m[bot: Gamerule doTileDrops is now set to: false][0m
[18:40:24 INFO]: bot issued server command: /setblock 2 111 2 air destroy
[18:40:24 INFO]: [3m[38;5;7m[bot: Changed the block at 2, 111, 2][0m
[18:40:24 INFO]: bot issued server command: /give @s crafting_table
[18:40:24 INFO]: [3m[38;5;7m[bot: Gave 1 [38;5;15m[Crafting Table][38;5;7m to bot][0m
[18:40:24 INFO]: bot issued server command: /setblock 3 111 -3 air destroy
[18:40:24 INFO]: [3m[38;5;7m[bot: Changed the block at 3, 111, -3][0m
[18:40:24 INFO]: bot issued server command: /give @s furnace
[18:40:24 INFO]: [3m[38;5;7m[bot: Gave 1 [38;5;15m[Furnace][38;5;7m to bot][0m
[18:40:24 INFO]: bot issued server command: /gamerule doTileDrops true
[18:40:24 INFO]: [3m[38;5;7m[bot: Gamerule doTileDrops is now set to: true][0m
[18:40:25 INFO]: bot issued server command: /pause
[18:40:31 INFO]: bot issued server command: /pause
[18:40:32 INFO]: bot lost connection: Disconnected
[18:40:32 INFO]: [38;5;11mbot left the game[0m
[18:40:33 INFO]: UUID of player bot is 67128b5b-2e6b-3ad1-baa0-1b937b03e5c5
[18:40:33 INFO]: [DriftSystem] [教学] 老玩家加入: bot
[18:40:33 INFO]: [38;5;11mbot joined the game[0m
[18:40:33 INFO]: bot[/[0:0:0:0:0:0:0:1]:51282] logged in with entity id 512 at ([world]8.5, 124.0, -5.5)
[18:40:35 INFO]: bot issued server command: /gamerule keepInventory true
[18:40:35 INFO]: [3m[38;5;7m[bot: Gamerule keepInventory is now set to: true][0m
[18:40:35 INFO]: bot issued server command: /gamerule doDaylightCycle false
[18:40:35 INFO]: [3m[38;5;7m[bot: Gamerule doDaylightCycle is now set to: false][0m
[18:40:35 INFO]: bot issued server command: /pause
[18:40:36 INFO]: bot issued server command: /pause
[18:40:37 INFO]: [DriftSystem] [PayloadExecutorV1] done build_id=resource_park_bot_1787654436960 executed=759 failed=0 queue_depth=0
[18:40:37 WARN]: [DriftSystem] [PayloadExecutorV1] report failed build_id=resource_park_bot_1787654436960: Failed to connect to /127.0.0.1:8010
[18:40:38 INFO]: bot issued server command: /gamerule doTileDrops false
[18:40:38 INFO]: [3m[38;5;7m[bot: Gamerule doTileDrops is now set to: false][0m
[18:40:38 INFO]: bot issued server command: /setblock 2 111 2 air destroy
[18:40:38 INFO]: [3m[38;5;7m[bot: Changed the block at 2, 111, 2][0m
[18:40:38 INFO]: bot issued server command: /give @s crafting_table
[18:40:38 INFO]: [3m[38;5;7m[bot: Gave 1 [38;5;15m[Crafting Table][38;5;7m to bot][0m
[18:40:38 INFO]: bot issued server command: /setblock 3 111 -3 air destroy
[18:40:38 INFO]: [3m[38;5;7m[bot: Changed the block at 3, 111, -3][0m
[18:40:38 INFO]: bot issued server command: /give @s furnace
[18:40:38 INFO]: [3m[38;5;7m[bot: Gave 1 [38;5;15m[Furnace][38;5;7m to bot][0m
[18:40:38 INFO]: bot issued server command: /gamerule doTileDrops true
[18:40:38 INFO]: [3m[38;5;7m[bot: Gamerule doTileDrops is now set to: true][0m
[18:40:39 INFO]: bot issued server command: /pause
[18:40:40 INFO]: bot issued server command: /pause
[18:40:41 INFO]: bot lost connection: Disconnected
[18:40:41 INFO]: [38;5;11mbot left the game[0m
[18:40:42 INFO]: UUID of player bot is 67128b5b-2e6b-3ad1-baa0-1b937b03e5c5
[18:40:42 INFO]: [DriftSystem] [教学] 老玩家加入: bot
[18:40:42 INFO]: [38;5;11mbot joined the game[0m
[18:40:42 INFO]: bot[/[0:0:0:0:0:0:0:1]:51320] logged in with entity id 519 at ([world]8.5, 124.0, -5.5)
[18:40:43 INFO]: bot issued server command: /gamerule keepInventory true
[18:40:43 INFO]: [3m[38;5;7m[bot: Gamerule keepInventory is now set to: true][0m
[18:40:43 INFO]: bot issued server command: /gamerule doDaylightCycle false
[18:40:43 INFO]: [3m[38;5;7m[bot: Gamerule doDaylightCycle is now set to: false][0m
[18:40:43 INFO]: bot issued server command: /pause
[18:40:44 INFO]: bot issued server command: /pause
[18:40:46 INFO]: [DriftSystem] [PayloadExecutorV1] done build_id=resource_park_bot_1787654445660 executed=759 failed=0 queue_depth=0
[18:40:46 WARN]: [DriftSystem] [PayloadExecutorV1] report failed build_id=resource_park_bot_1787654445660: Failed to connect to /127.0.0.1:8010
[18:40:46 INFO]: bot issued server command: /time set 17000
[18:40:46 INFO]: [3m[38;5;7m[bot: Set the time to 17000][0m
[18:40:46 INFO]: bot issued server command: /difficulty peaceful
[18:40:46 INFO]: bot issued server command: /gamerule doTileDrops false
[18:40:46 INFO]: [3m[38;5;7m[bot: Gamerule doTileDrops is now set to: false][0m
[18:40:46 INFO]: bot issued server command: /setblock 2 111 2 air destroy
[18:40:46 INFO]: [3m[38;5;7m[bot: Changed the block at 2, 111, 2][0m
[18:40:46 INFO]: bot issued server command: /give @s crafting_table
[18:40:46 INFO]: [3m[38;5;7m[bot: Gave 1 [38;5;15m[Crafting Table][38;5;7m to bot][0m
[18:40:46 INFO]: bot issued server command: /setblock 3 111 -3 air destroy
[18:40:46 INFO]: [3m[38;5;7m[bot: Changed the block at 3, 111, -3][0m
[18:40:46 INFO]: bot issued server command: /give @s furnace
[18:40:46 INFO]: [3m[38;5;7m[bot: Gave 1 [38;5;15m[Furnace][38;5;7m to bot][0m
[18:40:46 INFO]: bot issued server command: /gamerule doTileDrops true
[18:40:46 INFO]: [3m[38;5;7m[bot: Gamerule doTileDrops is now set to: true][0m
[18:40:47 INFO]: bot issued server command: /pause
[18:40:56 INFO]: bot issued server command: /pause
[18:40:57 INFO]: bot lost connection: Disconnected
[18:40:57 INFO]: [38;5;11mbot left the game[0m
[18:40:59 INFO]: UUID of player bot is 67128b5b-2e6b-3ad1-baa0-1b937b03e5c5
[18:40:59 INFO]: [DriftSystem] [教学] 老玩家加入: bot
[18:40:59 INFO]: [38;5;11mbot joined the game[0m
[18:40:59 INFO]: bot[/[0:0:0:0:0:0:0:1]:51362] logged in with entity id 529 at ([world]8.5, 124.0, -5.5)
[18:41:00 INFO]: bot issued server command: /gamerule keepInventory true
[18:41:00 INFO]: [3m[38;5;7m[bot: Gamerule keepInventory is now set to: true][0m
[18:41:00 INFO]: bot issued server command: /gamerule doDaylightCycle false
[18:41:00 INFO]: [3m[38;5;7m[bot: Gamerule doDaylightCycle is now set to: false][0m
[18:41:00 INFO]: bot issued server command: /pause
[18:41:01 INFO]: bot issued server command: /pause
[18:41:02 INFO]: [DriftSystem] [PayloadExecutorV1] done build_id=resource_park_bot_1787654462260 executed=759 failed=0 queue_depth=0
[18:41:02 WARN]: [DriftSystem] [PayloadExecutorV1] report failed build_id=resource_park_bot_1787654462260: Failed to connect to /127.0.0.1:8010
[18:41:03 INFO]: bot issued server command: /gamerule doTileDrops false
[18:41:03 INFO]: [3m[38;5;7m[bot: Gamerule doTileDrops is now set to: false][0m
[18:41:03 INFO]: bot issued server command: /setblock 2 111 2 air destroy
[18:41:03 INFO]: [3m[38;5;7m[bot: Changed the block at 2, 111, 2][0m
[18:41:03 INFO]: bot issued server command: /give @s crafting_table
[18:41:03 INFO]: [3m[38;5;7m[bot: Gave 1 [38;5;15m[Crafting Table][38;5;7m to bot][0m
[18:41:03 INFO]: bot issued server command: /setblock 3 111 -3 air destroy
[18:41:03 INFO]: [3m[38;5;7m[bot: Changed the block at 3, 111, -3][0m
[18:41:03 INFO]: bot issued server command: /give @s furnace
[18:41:03 INFO]: [3m[38;5;7m[bot: Gave 1 [38;5;15m[Furnace][38;5;7m to bot][0m
[18:41:03 INFO]: bot issued server command: /gamerule doTileDrops true
[18:41:03 INFO]: [3m[38;5;7m[bot: Gamerule doTileDrops is now set to: true][0m
[18:41:04 INFO]: bot issued server command: /pause
[18:41:04 INFO]: bot lost connection: Disconnected
[18:41:04 INFO]: [38;5;11mbot left the game[0m
[18:41:25 INFO]: UUID of player bot is 67128b5b-2e6b-3ad1-baa0-1b937b03e5c5
[18:41:25 INFO]: [DriftSystem] [教学] 老玩家加入: bot
[18:41:25 INFO]: [38;5;11mbot joined the game[0m
[18:41:25 INFO]: bot[/[0:0:0:0:0:0:0:1]:51458] logged in with entity id 538 at ([world]8.5, 124.0, -5.5)
[18:41:26 INFO]: bot issued server command: /gamerule keepInventory true
[18:41:26 INFO]: [3m[38;5;7m[bot: Gamerule keepInventory is now set to: true][0m
[18:41:26 INFO]: bot issued server command: /gamerule doDaylightCycle false
[18:41:26 INFO]: [3m[38;5;7m[bot: Gamerule doDaylightCycle is now set to: false][0m
[18:41:26 INFO]: bot issued server command: /pause
[18:41:27 INFO]: bot issued server command: /pause
[18:41:28 INFO]: [DriftSystem] [PayloadExecutorV1] done build_id=resource_park_bot_1787654488460 executed=759 failed=0 queue_depth=0
[18:41:28 WARN]: [DriftSystem] [PayloadExecutorV1] report failed build_id=resource_park_bot_1787654488460: Failed to connect to /127.0.0.1:8010
[18:41:29 INFO]: bot issued server command: /clear @s
[18:41:29 INFO]: [3m[38;5;7m[bot: Removed 59 item(s) from player bot][0m
[18:41:29 INFO]: bot issued server command: /gamerule doTileDrops false
[18:41:29 INFO]: [3m[38;5;7m[bot: Gamerule doTileDrops is now set to: false][0m
[18:41:29 INFO]: bot issued server command: /setblock 2 111 2 air destroy
[18:41:29 INFO]: [3m[38;5;7m[bot: Changed the block at 2, 111, 2][0m
[18:41:29 INFO]: bot issued server command: /give @s crafting_table
[18:41:29 INFO]: [3m[38;5;7m[bot: Gave 1 [38;5;15m[Crafting Table][38;5;7m to bot][0m
[18:41:29 INFO]: bot issued server command: /setblock 3 111 -3 air destroy
[18:41:29 INFO]: [3m[38;5;7m[bot: Changed the block at 3, 111, -3][0m
[18:41:29 INFO]: bot issued server command: /give @s furnace
[18:41:29 INFO]: [3m[38;5;7m[bot: Gave 1 [38;5;15m[Furnace][38;5;7m to bot][0m
[18:41:29 INFO]: bot issued server command: /gamerule doTileDrops true
[18:41:29 INFO]: [3m[38;5;7m[bot: Gamerule doTileDrops is now set to: true][0m
[18:41:30 INFO]: bot issued server command: /pause
[18:41:31 INFO]: bot issued server command: /pause
[18:41:33 INFO]: bot issued server command: /gamerule doTileDrops false
[18:41:33 INFO]: [3m[38;5;7m[bot: Gamerule doTileDrops is now set to: false][0m
[18:41:33 INFO]: bot issued server command: /setblock -2 111 -2 air destroy
[18:41:33 INFO]: [3m[38;5;7m[bot: Changed the block at -2, 111, -2][0m
[18:41:33 INFO]: bot issued server command: /give @s crafting_table
[18:41:33 INFO]: [3m[38;5;7m[bot: Gave 1 [38;5;15m[Crafting Table][38;5;7m to bot][0m
[18:41:34 INFO]: bot issued server command: /gamerule doTileDrops true
[18:41:34 INFO]: [3m[38;5;7m[bot: Gamerule doTileDrops is now set to: true][0m
[18:41:35 INFO]: bot issued server command: /pause
[18:41:36 INFO]: bot issued server command: /pause
[18:41:37 INFO]: bot lost connection: Disconnected
[18:41:37 INFO]: [38;5;11mbot left the game[0m
[18:41:38 INFO]: UUID of player bot is 67128b5b-2e6b-3ad1-baa0-1b937b03e5c5
[18:41:38 INFO]: [DriftSystem] [教学] 老玩家加入: bot
[18:41:38 INFO]: [38;5;11mbot joined the game[0m
[18:41:38 INFO]: bot[/[0:0:0:0:0:0:0:1]:51511] logged in with entity id 548 at ([world]8.5, 124.0, -5.5)
[18:41:40 INFO]: bot issued server command: /gamerule keepInventory true
[18:41:40 INFO]: [3m[38;5;7m[bot: Gamerule keepInventory is now set to: true][0m
[18:41:40 INFO]: bot issued server command: /gamerule doDaylightCycle false
[18:41:40 INFO]: [3m[38;5;7m[bot: Gamerule doDaylightCycle is now set to: false][0m
[18:41:40 INFO]: bot issued server command: /pause
[18:41:41 INFO]: bot issued server command: /pause
[18:41:42 INFO]: [DriftSystem] [PayloadExecutorV1] done build_id=resource_park_bot_1787654501860 executed=759 failed=0 queue_depth=0
[18:41:42 WARN]: [DriftSystem] [PayloadExecutorV1] report failed build_id=resource_park_bot_1787654501860: Failed to connect to /127.0.0.1:8010
[18:41:43 INFO]: bot issued server command: /time set 19000
[18:41:43 INFO]: [3m[38;5;7m[bot: Set the time to 19000][0m
[18:41:43 INFO]: bot issued server command: /difficulty peaceful
[18:41:43 INFO]: bot issued server command: /gamerule doTileDrops false
[18:41:43 INFO]: [3m[38;5;7m[bot: Gamerule doTileDrops is now set to: false][0m
[18:41:43 INFO]: bot issued server command: /setblock 2 111 2 air destroy
[18:41:43 INFO]: [3m[38;5;7m[bot: Changed the block at 2, 111, 2][0m
[18:41:43 INFO]: bot issued server command: /give @s crafting_table
[18:41:43 INFO]: [3m[38;5;7m[bot: Gave 1 [38;5;15m[Crafting Table][38;5;7m to bot][0m
[18:41:43 INFO]: bot issued server command: /setblock 3 111 -3 air destroy
[18:41:43 INFO]: [3m[38;5;7m[bot: Changed the block at 3, 111, -3][0m
[18:41:43 INFO]: bot issued server command: /give @s furnace
[18:41:43 INFO]: [3m[38;5;7m[bot: Gave 1 [38;5;15m[Furnace][38;5;7m to bot][0m
[18:41:43 INFO]: bot issued server command: /gamerule doTileDrops true
[18:41:43 INFO]: [3m[38;5;7m[bot: Gamerule doTileDrops is now set to: true][0m
[18:41:44 INFO]: bot issued server command: /pause
[18:41:49 INFO]: bot issued server command: /pause
[18:41:50 INFO]: bot lost connection: Disconnected
[18:41:50 INFO]: [38;5;11mbot left the game[0m
[18:41:52 INFO]: UUID of player bot is 67128b5b-2e6b-3ad1-baa0-1b937b03e5c5
[18:41:52 INFO]: [DriftSystem] [教学] 老玩家加入: bot
[18:41:52 INFO]: [38;5;11mbot joined the game[0m
[18:41:52 INFO]: bot[/[0:0:0:0:0:0:0:1]:51531] logged in with entity id 563 at ([world]8.5, 124.0, -5.5)
[18:41:53 INFO]: bot issued server command: /gamerule keepInventory true
[18:41:53 INFO]: [3m[38;5;7m[bot: Gamerule keepInventory is now set to: true][0m
[18:41:53 INFO]: bot issued server command: /gamerule doDaylightCycle false
[18:41:53 INFO]: [3m[38;5;7m[bot: Gamerule doDaylightCycle is now set to: false][0m
[18:41:53 INFO]: bot issued server command: /pause
[18:41:54 INFO]: bot issued server command: /pause
[18:41:55 INFO]: [DriftSystem] [PayloadExecutorV1] done build_id=resource_park_bot_1787654515410 executed=759 failed=0 queue_depth=0
[18:41:55 WARN]: [DriftSystem] [PayloadExecutorV1] report failed build_id=resource_park_bot_1787654515410: Failed to connect to /127.0.0.1:8010
[18:41:56 INFO]: bot issued server command: /gamerule doTileDrops false
[18:41:56 INFO]: [3m[38;5;7m[bot: Gamerule doTileDrops is now set to: false][0m
[18:41:56 INFO]: bot issued server command: /setblock 2 111 2 air destroy
[18:41:56 INFO]: [3m[38;5;7m[bot: Changed the block at 2, 111, 2][0m
[18:41:56 INFO]: bot issued server command: /give @s crafting_table
[18:41:56 INFO]: [3m[38;5;7m[bot: Gave 1 [38;5;15m[Crafting Table][38;5;7m to bot][0m
[18:41:56 INFO]: bot issued server command: /setblock 3 111 -3 air destroy
[18:41:56 INFO]: [3m[38;5;7m[bot: Changed the block at 3, 111, -3][0m
[18:41:56 INFO]: bot issued server command: /give @s furnace
[18:41:56 INFO]: [3m[38;5;7m[bot: Gave 1 [38;5;15m[Furnace][38;5;7m to bot][0m
[18:41:56 INFO]: bot issued server command: /gamerule doTileDrops true
[18:41:56 INFO]: [3m[38;5;7m[bot: Gamerule doTileDrops is now set to: true][0m
[18:41:57 INFO]: bot issued server command: /pause
[18:41:58 INFO]: bot issued server command: /pause
[18:41:59 INFO]: bot lost connection: Disconnected
[18:41:59 INFO]: [38;5;11mbot left the game[0m
[18:42:01 INFO]: UUID of player bot is 67128b5b-2e6b-3ad1-baa0-1b937b03e5c5
[18:42:01 INFO]: [DriftSystem] [教学] 老玩家加入: bot
[18:42:01 INFO]: [38;5;11mbot joined the game[0m
[18:42:01 INFO]: bot[/[0:0:0:0:0:0:0:1]:51562] logged in with entity id 570 at ([world]8.5, 124.0, -5.5)
[18:42:02 INFO]: bot issued server command: /gamerule keepInventory true
[18:42:02 INFO]: [3m[38;5;7m[bot: Gamerule keepInventory is now set to: true][0m
[18:42:02 INFO]: bot issued server command: /gamerule doDaylightCycle false
[18:42:02 INFO]: [3m[38;5;7m[bot: Gamerule doDaylightCycle is now set to: false][0m
[18:42:02 INFO]: bot issued server command: /pause
[18:42:03 INFO]: bot issued server command: /pause
[18:42:04 INFO]: [DriftSystem] [PayloadExecutorV1] done build_id=resource_park_bot_1787654524110 executed=759 failed=0 queue_depth=0
[18:42:04 WARN]: [DriftSystem] [PayloadExecutorV1] report failed build_id=resource_park_bot_1787654524110: Failed to connect to /127.0.0.1:8010
[18:42:05 INFO]: bot issued server command: /time set 21000
[18:42:05 INFO]: [3m[38;5;7m[bot: Set the time to 21000][0m
[18:42:05 INFO]: bot issued server command: /difficulty peaceful
[18:42:05 INFO]: bot issued server command: /gamerule doTileDrops false
[18:42:05 INFO]: [3m[38;5;7m[bot: Gamerule doTileDrops is now set to: false][0m
[18:42:05 INFO]: bot issued server command: /setblock 2 111 2 air destroy
[18:42:05 INFO]: [3m[38;5;7m[bot: Changed the block at 2, 111, 2][0m
[18:42:05 INFO]: bot issued server command: /give @s crafting_table
[18:42:05 INFO]: [3m[38;5;7m[bot: Gave 1 [38;5;15m[Crafting Table][38;5;7m to bot][0m
[18:42:05 INFO]: bot issued server command: /setblock 3 111 -3 air destroy
[18:42:05 INFO]: [3m[38;5;7m[bot: Changed the block at 3, 111, -3][0m
[18:42:05 INFO]: bot issued server command: /give @s furnace
[18:42:05 INFO]: [3m[38;5;7m[bot: Gave 1 [38;5;15m[Furnace][38;5;7m to bot][0m
[18:42:05 INFO]: bot issued server command: /gamerule doTileDrops true
[18:42:05 INFO]: [3m[38;5;7m[bot: Gamerule doTileDrops is now set to: true][0m
[18:42:06 INFO]: bot issued server command: /pause
[18:42:15 INFO]: bot issued server command: /pause
[18:42:16 INFO]: bot lost connection: Disconnected
[18:42:16 INFO]: [38;5;11mbot left the game[0m
[18:42:17 INFO]: UUID of player bot is 67128b5b-2e6b-3ad1-baa0-1b937b03e5c5
[18:42:17 INFO]: [DriftSystem] [教学] 老玩家加入: bot
[18:42:17 INFO]: [38;5;11mbot joined the game[0m
[18:42:17 INFO]: bot[/[0:0:0:0:0:0:0:1]:51579] logged in with entity id 581 at ([world]8.5, 124.0, -5.5)
[18:42:18 INFO]: bot issued server command: /gamerule keepInventory true
[18:42:18 INFO]: [3m[38;5;7m[bot: Gamerule keepInventory is now set to: true][0m
[18:42:18 INFO]: bot issued server command: /gamerule doDaylightCycle false
[18:42:18 INFO]: [3m[38;5;7m[bot: Gamerule doDaylightCycle is now set to: false][0m
[18:42:18 INFO]: bot issued server command: /pause
[18:42:19 INFO]: bot issued server command: /pause
[18:42:21 INFO]: [DriftSystem] [PayloadExecutorV1] done build_id=resource_park_bot_1787654540760 executed=759 failed=0 queue_depth=0
[18:42:21 WARN]: [DriftSystem] [PayloadExecutorV1] report failed build_id=resource_park_bot_1787654540760: Failed to connect to /127.0.0.1:8010
[18:42:21 INFO]: bot issued server command: /gamerule doTileDrops false
[18:42:21 INFO]: [3m[38;5;7m[bot: Gamerule doTileDrops is now set to: false][0m
[18:42:21 INFO]: bot issued server command: /setblock 2 111 2 air destroy
[18:42:21 INFO]: [3m[38;5;7m[bot: Changed the block at 2, 111, 2][0m
[18:42:21 INFO]: bot issued server command: /give @s crafting_table
[18:42:21 INFO]: [3m[38;5;7m[bot: Gave 1 [38;5;15m[Crafting Table][38;5;7m to bot][0m
[18:42:21 INFO]: bot issued server command: /setblock 3 111 -3 air destroy
[18:42:21 INFO]: [3m[38;5;7m[bot: Changed the block at 3, 111, -3][0m
[18:42:21 INFO]: bot issued server command: /give @s furnace
[18:42:21 INFO]: [3m[38;5;7m[bot: Gave 1 [38;5;15m[Furnace][38;5;7m to bot][0m
[18:42:21 INFO]: bot issued server command: /gamerule doTileDrops true
[18:42:21 INFO]: [3m[38;5;7m[bot: Gamerule doTileDrops is now set to: true][0m
[18:42:22 INFO]: bot issued server command: /pause
[18:42:27 INFO]: bot issued server command: /pause
[18:42:28 INFO]: bot lost connection: Disconnected
[18:42:28 INFO]: [38;5;11mbot left the game[0m
[18:42:29 INFO]: UUID of player bot is 67128b5b-2e6b-3ad1-baa0-1b937b03e5c5
[18:42:29 INFO]: [DriftSystem] [教学] 老玩家加入: bot
[18:42:29 INFO]: [38;5;11mbot joined the game[0m
[18:42:29 INFO]: bot[/[0:0:0:0:0:0:0:1]:51612] logged in with entity id 589 at ([world]8.5, 124.0, -5.5)
[18:42:30 INFO]: bot issued server command: /gamerule keepInventory true
[18:42:30 INFO]: [3m[38;5;7m[bot: Gamerule keepInventory is now set to: true][0m
[18:42:30 INFO]: bot issued server command: /gamerule doDaylightCycle false
[18:42:30 INFO]: [3m[38;5;7m[bot: Gamerule doDaylightCycle is now set to: false][0m
[18:42:30 INFO]: bot issued server command: /pause
[18:42:31 INFO]: bot issued server command: /pause
[18:42:33 INFO]: [DriftSystem] [PayloadExecutorV1] done build_id=resource_park_bot_1787654552810 executed=759 failed=0 queue_depth=0
[18:42:33 WARN]: [DriftSystem] [PayloadExecutorV1] report failed build_id=resource_park_bot_1787654552810: Failed to connect to /127.0.0.1:8010
[18:42:33 INFO]: bot issued server command: /time set 23000
[18:42:33 INFO]: [3m[38;5;7m[bot: Set the time to 23000][0m
[18:42:33 INFO]: bot issued server command: /difficulty peaceful
[18:42:33 INFO]: bot issued server command: /gamerule doTileDrops false
[18:42:33 INFO]: [3m[38;5;7m[bot: Gamerule doTileDrops is now set to: false][0m
[18:42:33 INFO]: bot issued server command: /setblock 2 111 2 air destroy
[18:42:33 INFO]: [3m[38;5;7m[bot: Changed the block at 2, 111, 2][0m
[18:42:33 INFO]: bot issued server command: /give @s crafting_table
[18:42:33 INFO]: [3m[38;5;7m[bot: Gave 1 [38;5;15m[Crafting Table][38;5;7m to bot][0m
[18:42:33 INFO]: bot issued server command: /setblock 3 111 -3 air destroy
[18:42:33 INFO]: [3m[38;5;7m[bot: Changed the block at 3, 111, -3][0m
[18:42:33 INFO]: bot issued server command: /give @s furnace
[18:42:33 INFO]: [3m[38;5;7m[bot: Gave 1 [38;5;15m[Furnace][38;5;7m to bot][0m
[18:42:33 INFO]: bot issued server command: /gamerule doTileDrops true
[18:42:33 INFO]: [3m[38;5;7m[bot: Gamerule doTileDrops is now set to: true][0m
[18:42:34 INFO]: bot issued server command: /pause
[18:42:41 INFO]: bot issued server command: /pause
[18:42:42 INFO]: bot lost connection: Disconnected
[18:42:42 INFO]: [38;5;11mbot left the game[0m
[18:42:44 INFO]: UUID of player bot is 67128b5b-2e6b-3ad1-baa0-1b937b03e5c5
[18:42:44 INFO]: [DriftSystem] [教学] 老玩家加入: bot
[18:42:44 INFO]: [38;5;11mbot joined the game[0m
[18:42:44 INFO]: bot[/[0:0:0:0:0:0:0:1]:51630] logged in with entity id 600 at ([world]8.5, 124.0, -5.5)
[18:42:45 INFO]: bot issued server command: /gamerule keepInventory true
[18:42:45 INFO]: [3m[38;5;7m[bot: Gamerule keepInventory is now set to: true][0m
[18:42:45 INFO]: bot issued server command: /gamerule doDaylightCycle false
[18:42:45 INFO]: [3m[38;5;7m[bot: Gamerule doDaylightCycle is now set to: false][0m
[18:42:45 INFO]: bot issued server command: /pause
[18:42:46 INFO]: bot issued server command: /pause
[18:42:47 INFO]: [DriftSystem] [PayloadExecutorV1] done build_id=resource_park_bot_1787654567110 executed=759 failed=0 queue_depth=0
[18:42:47 WARN]: [DriftSystem] [PayloadExecutorV1] report failed build_id=resource_park_bot_1787654567110: Failed to connect to /127.0.0.1:8010
[18:42:48 INFO]: bot issued server command: /gamerule doTileDrops false
[18:42:48 INFO]: [3m[38;5;7m[bot: Gamerule doTileDrops is now set to: false][0m
[18:42:48 INFO]: bot issued server command: /setblock 2 111 2 air destroy
[18:42:48 INFO]: [3m[38;5;7m[bot: Changed the block at 2, 111, 2][0m
[18:42:48 INFO]: bot issued server command: /give @s crafting_table
[18:42:48 INFO]: [3m[38;5;7m[bot: Gave 1 [38;5;15m[Crafting Table][38;5;7m to bot][0m
[18:42:48 INFO]: bot issued server command: /setblock 3 111 -3 air destroy
[18:42:48 INFO]: [3m[38;5;7m[bot: Changed the block at 3, 111, -3][0m
[18:42:48 INFO]: bot issued server command: /give @s furnace
[18:42:48 INFO]: [3m[38;5;7m[bot: Gave 1 [38;5;15m[Furnace][38;5;7m to bot][0m
[18:42:48 INFO]: bot issued server command: /gamerule doTileDrops true
[18:42:48 INFO]: [3m[38;5;7m[bot: Gamerule doTileDrops is now set to: true][0m
[18:42:49 INFO]: bot issued server command: /pause
[18:42:50 INFO]: bot issued server command: /pause
[18:42:51 INFO]: bot lost connection: Disconnected
[18:42:51 INFO]: [38;5;11mbot left the game[0m
[18:42:52 INFO]: UUID of player bot is 67128b5b-2e6b-3ad1-baa0-1b937b03e5c5
[18:42:52 INFO]: [DriftSystem] [教学] 老玩家加入: bot
[18:42:52 INFO]: [38;5;11mbot joined the game[0m
[18:42:52 INFO]: bot[/[0:0:0:0:0:0:0:1]:51639] logged in with entity id 609 at ([world]8.5, 124.0, -5.5)
[18:42:53 INFO]: bot issued server command: /gamerule keepInventory true
[18:42:53 INFO]: [3m[38;5;7m[bot: Gamerule keepInventory is now set to: true][0m
[18:42:53 INFO]: bot issued server command: /gamerule doDaylightCycle false
[18:42:53 INFO]: [3m[38;5;7m[bot: Gamerule doDaylightCycle is now set to: false][0m
[18:42:53 INFO]: bot issued server command: /pause
[18:42:54 INFO]: bot issued server command: /pause
[18:42:56 INFO]: [DriftSystem] [PayloadExecutorV1] done build_id=resource_park_bot_1787654575810 executed=759 failed=0 queue_depth=0
[18:42:56 WARN]: [DriftSystem] [PayloadExecutorV1] report failed build_id=resource_park_bot_1787654575810: Failed to connect to /127.0.0.1:8010
[18:42:56 INFO]: bot issued server command: /time set 1000
[18:42:56 INFO]: [3m[38;5;7m[bot: Set the time to 1000][0m
[18:42:56 INFO]: bot issued server command: /difficulty peaceful
[18:42:56 INFO]: bot issued server command: /gamerule doTileDrops false
[18:42:56 INFO]: [3m[38;5;7m[bot: Gamerule doTileDrops is now set to: false][0m
[18:42:56 INFO]: bot issued server command: /setblock 2 111 2 air destroy
[18:42:56 INFO]: [3m[38;5;7m[bot: Changed the block at 2, 111, 2][0m
[18:42:56 INFO]: bot issued server command: /give @s crafting_table
[18:42:56 INFO]: [3m[38;5;7m[bot: Gave 1 [38;5;15m[Crafting Table][38;5;7m to bot][0m
[18:42:56 INFO]: bot issued server command: /setblock 3 111 -3 air destroy
[18:42:56 INFO]: [3m[38;5;7m[bot: Changed the block at 3, 111, -3][0m
[18:42:56 INFO]: bot issued server command: /give @s furnace
[18:42:56 INFO]: [3m[38;5;7m[bot: Gave 1 [38;5;15m[Furnace][38;5;7m to bot][0m
[18:42:56 INFO]: bot issued server command: /gamerule doTileDrops true
[18:42:56 INFO]: [3m[38;5;7m[bot: Gamerule doTileDrops is now set to: true][0m
[18:42:57 INFO]: bot issued server command: /pause
[18:43:07 INFO]: bot issued server command: /pause
[18:43:08 INFO]: bot lost connection: Disconnected
[18:43:08 INFO]: [38;5;11mbot left the game[0m
[18:43:09 INFO]: UUID of player bot is 67128b5b-2e6b-3ad1-baa0-1b937b03e5c5
[18:43:09 INFO]: [DriftSystem] [教学] 老玩家加入: bot
[18:43:09 INFO]: [38;5;11mbot joined the game[0m
[18:43:09 INFO]: bot[/[0:0:0:0:0:0:0:1]:51669] logged in with entity id 627 at ([world]8.5, 124.0, -5.5)
[18:43:10 INFO]: bot issued server command: /gamerule keepInventory true
[18:43:10 INFO]: [3m[38;5;7m[bot: Gamerule keepInventory is now set to: true][0m
[18:43:10 INFO]: bot issued server command: /gamerule doDaylightCycle false
[18:43:10 INFO]: [3m[38;5;7m[bot: Gamerule doDaylightCycle is now set to: false][0m
[18:43:10 INFO]: bot issued server command: /pause
[18:43:11 INFO]: bot issued server command: /pause
[18:43:12 INFO]: [DriftSystem] [PayloadExecutorV1] done build_id=resource_park_bot_1787654592560 executed=759 failed=0 queue_depth=0
[18:43:12 WARN]: [DriftSystem] [PayloadExecutorV1] report failed build_id=resource_park_bot_1787654592560: Failed to connect to /127.0.0.1:8010
[18:43:13 INFO]: bot issued server command: /gamerule doTileDrops false
[18:43:13 INFO]: [3m[38;5;7m[bot: Gamerule doTileDrops is now set to: false][0m
[18:43:13 INFO]: bot issued server command: /setblock 2 111 2 air destroy
[18:43:13 INFO]: [3m[38;5;7m[bot: Changed the block at 2, 111, 2][0m
[18:43:13 INFO]: bot issued server command: /give @s crafting_table
[18:43:13 INFO]: [3m[38;5;7m[bot: Gave 1 [38;5;15m[Crafting Table][38;5;7m to bot][0m
[18:43:13 INFO]: bot issued server command: /setblock 3 111 -3 air destroy
[18:43:13 INFO]: [3m[38;5;7m[bot: Changed the block at 3, 111, -3][0m
[18:43:13 INFO]: bot issued server command: /give @s furnace
[18:43:13 INFO]: [3m[38;5;7m[bot: Gave 1 [38;5;15m[Furnace][38;5;7m to bot][0m
[18:43:13 INFO]: bot issued server command: /gamerule doTileDrops true
[18:43:13 INFO]: [3m[38;5;7m[bot: Gamerule doTileDrops is now set to: true][0m
[18:43:14 INFO]: bot issued server command: /pause
[18:43:19 INFO]: bot issued server command: /pause
[18:43:20 INFO]: bot lost connection: Disconnected
[18:43:20 INFO]: [38;5;11mbot left the game[0m
[18:43:22 INFO]: UUID of player bot is 67128b5b-2e6b-3ad1-baa0-1b937b03e5c5
[18:43:22 INFO]: [DriftSystem] [教学] 老玩家加入: bot
[18:43:22 INFO]: [38;5;11mbot joined the game[0m
[18:43:22 INFO]: bot[/[0:0:0:0:0:0:0:1]:51692] logged in with entity id 637 at ([world]8.5, 124.0, -5.5)
[18:43:23 INFO]: bot issued server command: /gamerule keepInventory true
[18:43:23 INFO]: [3m[38;5;7m[bot: Gamerule keepInventory is now set to: true][0m
[18:43:23 INFO]: bot issued server command: /gamerule doDaylightCycle false
[18:43:23 INFO]: [3m[38;5;7m[bot: Gamerule doDaylightCycle is now set to: false][0m
[18:43:23 INFO]: bot issued server command: /pause
[18:43:24 INFO]: bot issued server command: /pause
[18:43:25 INFO]: [DriftSystem] [PayloadExecutorV1] done build_id=resource_park_bot_1787654605261 executed=759 failed=0 queue_depth=0
[18:43:25 WARN]: [DriftSystem] [PayloadExecutorV1] report failed build_id=resource_park_bot_1787654605261: Failed to connect to /127.0.0.1:8010
[18:43:26 INFO]: bot issued server command: /time set 2000
[18:43:26 INFO]: [3m[38;5;7m[bot: Set the time to 2000][0m
[18:43:26 INFO]: bot issued server command: /difficulty peaceful
[18:43:26 INFO]: bot issued server command: /gamerule doTileDrops false
[18:43:26 INFO]: [3m[38;5;7m[bot: Gamerule doTileDrops is now set to: false][0m
[18:43:26 INFO]: bot issued server command: /setblock 2 111 2 air destroy
[18:43:26 INFO]: [3m[38;5;7m[bot: Changed the block at 2, 111, 2][0m
[18:43:26 INFO]: bot issued server command: /give @s crafting_table
[18:43:26 INFO]: [3m[38;5;7m[bot: Gave 1 [38;5;15m[Crafting Table][38;5;7m to bot][0m
[18:43:26 INFO]: bot issued server command: /setblock 3 111 -3 air destroy
[18:43:26 INFO]: [3m[38;5;7m[bot: Changed the block at 3, 111, -3][0m
[18:43:26 INFO]: bot issued server command: /give @s furnace
[18:43:26 INFO]: [3m[38;5;7m[bot: Gave 1 [38;5;15m[Furnace][38;5;7m to bot][0m
[18:43:26 INFO]: bot issued server command: /gamerule doTileDrops true
[18:43:26 INFO]: [3m[38;5;7m[bot: Gamerule doTileDrops is now set to: true][0m
[18:43:27 INFO]: bot issued server command: /pause
[18:43:33 INFO]: bot issued server command: /pause
[18:43:34 INFO]: bot lost connection: Disconnected
[18:43:34 INFO]: [38;5;11mbot left the game[0m
[18:43:36 INFO]: UUID of player bot is 67128b5b-2e6b-3ad1-baa0-1b937b03e5c5
[18:43:36 INFO]: [DriftSystem] [教学] 老玩家加入: bot
[18:43:36 INFO]: [38;5;11mbot joined the game[0m
[18:43:36 INFO]: bot[/[0:0:0:0:0:0:0:1]:51750] logged in with entity id 651 at ([world]8.5, 124.0, -5.5)
[18:43:37 INFO]: bot issued server command: /gamerule keepInventory true
[18:43:37 INFO]: [3m[38;5;7m[bot: Gamerule keepInventory is now set to: true][0m
[18:43:37 INFO]: bot issued server command: /gamerule doDaylightCycle false
[18:43:37 INFO]: [3m[38;5;7m[bot: Gamerule doDaylightCycle is now set to: false][0m
[18:43:37 INFO]: bot issued server command: /pause
[18:43:38 INFO]: bot issued server command: /pause
[18:43:39 INFO]: [DriftSystem] [PayloadExecutorV1] done build_id=resource_park_bot_1787654619161 executed=759 failed=0 queue_depth=0
[18:43:39 WARN]: [DriftSystem] [PayloadExecutorV1] report failed build_id=resource_park_bot_1787654619161: Failed to connect to /127.0.0.1:8010
[18:43:40 INFO]: bot issued server command: /gamerule doTileDrops false
[18:43:40 INFO]: [3m[38;5;7m[bot: Gamerule doTileDrops is now set to: false][0m
[18:43:40 INFO]: bot issued server command: /setblock 2 111 2 air destroy
[18:43:40 INFO]: [3m[38;5;7m[bot: Changed the block at 2, 111, 2][0m
[18:43:40 INFO]: bot issued server command: /give @s crafting_table
[18:43:40 INFO]: [3m[38;5;7m[bot: Gave 1 [38;5;15m[Crafting Table][38;5;7m to bot][0m
[18:43:40 INFO]: bot issued server command: /setblock 3 111 -3 air destroy
[18:43:40 INFO]: [3m[38;5;7m[bot: Changed the block at 3, 111, -3][0m
[18:43:40 INFO]: bot issued server command: /give @s furnace
[18:43:40 INFO]: [3m[38;5;7m[bot: Gave 1 [38;5;15m[Furnace][38;5;7m to bot][0m
[18:43:40 INFO]: bot issued server command: /gamerule doTileDrops true
[18:43:40 INFO]: [3m[38;5;7m[bot: Gamerule doTileDrops is now set to: true][0m
[18:43:41 INFO]: bot issued server command: /pause
[18:43:42 INFO]: bot issued server command: /pause
[18:43:43 INFO]: bot lost connection: Disconnected
[18:43:43 INFO]: [38;5;11mbot left the game[0m
[18:43:44 INFO]: UUID of player bot is 67128b5b-2e6b-3ad1-baa0-1b937b03e5c5
[18:43:44 INFO]: [DriftSystem] [教学] 老玩家加入: bot
[18:43:44 INFO]: [38;5;11mbot joined the game[0m
[18:43:44 INFO]: bot[/[0:0:0:0:0:0:0:1]:51765] logged in with entity id 661 at ([world]8.5, 124.0, -5.5)
[18:43:46 INFO]: bot issued server command: /gamerule keepInventory true
[18:43:46 INFO]: [3m[38;5;7m[bot: Gamerule keepInventory is now set to: true][0m
[18:43:46 INFO]: bot issued server command: /gamerule doDaylightCycle false
[18:43:46 INFO]: [3m[38;5;7m[bot: Gamerule doDaylightCycle is now set to: false][0m
[18:43:46 INFO]: bot issued server command: /pause
[18:43:46 INFO]: bot issued server command: /pause
[18:43:48 INFO]: [DriftSystem] [PayloadExecutorV1] done build_id=resource_park_bot_1787654627861 executed=759 failed=0 queue_depth=0
[18:43:48 WARN]: [DriftSystem] [PayloadExecutorV1] report failed build_id=resource_park_bot_1787654627861: Failed to connect to /127.0.0.1:8010
[18:43:49 INFO]: bot issued server command: /time set 3000
[18:43:49 INFO]: [3m[38;5;7m[bot: Set the time to 3000][0m
[18:43:49 INFO]: bot issued server command: /difficulty peaceful
[18:43:49 INFO]: bot issued server command: /gamerule doTileDrops false
[18:43:49 INFO]: [3m[38;5;7m[bot: Gamerule doTileDrops is now set to: false][0m
[18:43:49 INFO]: bot issued server command: /setblock 2 111 2 air destroy
[18:43:49 INFO]: [3m[38;5;7m[bot: Changed the block at 2, 111, 2][0m
[18:43:49 INFO]: bot issued server command: /give @s crafting_table
[18:43:49 INFO]: [3m[38;5;7m[bot: Gave 1 [38;5;15m[Crafting Table][38;5;7m to bot][0m
[18:43:49 INFO]: bot issued server command: /setblock 3 111 -3 air destroy
[18:43:49 INFO]: [3m[38;5;7m[bot: Changed the block at 3, 111, -3][0m
[18:43:49 INFO]: bot issued server command: /give @s furnace
[18:43:49 INFO]: [3m[38;5;7m[bot: Gave 1 [38;5;15m[Furnace][38;5;7m to bot][0m
[18:43:49 INFO]: bot issued server command: /gamerule doTileDrops true
[18:43:49 INFO]: [3m[38;5;7m[bot: Gamerule doTileDrops is now set to: true][0m
[18:43:50 INFO]: bot issued server command: /pause
[18:43:59 INFO]: bot issued server command: /pause
[18:44:00 INFO]: bot lost connection: Disconnected
[18:44:00 INFO]: [38;5;11mbot left the game[0m
[18:44:01 INFO]: UUID of player bot is 67128b5b-2e6b-3ad1-baa0-1b937b03e5c5
[18:44:01 INFO]: [DriftSystem] [教学] 老玩家加入: bot
[18:44:01 INFO]: [38;5;11mbot joined the game[0m
[18:44:01 INFO]: bot[/[0:0:0:0:0:0:0:1]:51799] logged in with entity id 670 at ([world]8.5, 124.0, -5.5)
[18:44:02 INFO]: bot issued server command: /gamerule keepInventory true
[18:44:02 INFO]: [3m[38;5;7m[bot: Gamerule keepInventory is now set to: true][0m
[18:44:02 INFO]: bot issued server command: /gamerule doDaylightCycle false
[18:44:02 INFO]: [3m[38;5;7m[bot: Gamerule doDaylightCycle is now set to: false][0m
[18:44:02 INFO]: bot issued server command: /pause
[18:44:03 INFO]: bot issued server command: /pause
[18:44:05 INFO]: [DriftSystem] [PayloadExecutorV1] done build_id=resource_park_bot_1787654644811 executed=759 failed=0 queue_depth=0
[18:44:05 WARN]: [DriftSystem] [PayloadExecutorV1] report failed build_id=resource_park_bot_1787654644811: Failed to connect to /127.0.0.1:8010
[18:44:05 INFO]: bot issued server command: /gamerule doTileDrops false
[18:44:05 INFO]: [3m[38;5;7m[bot: Gamerule doTileDrops is now set to: false][0m
[18:44:05 INFO]: bot issued server command: /setblock 2 111 2 air destroy
[18:44:05 INFO]: [3m[38;5;7m[bot: Changed the block at 2, 111, 2][0m
[18:44:05 INFO]: bot issued server command: /give @s crafting_table
[18:44:05 INFO]: [3m[38;5;7m[bot: Gave 1 [38;5;15m[Crafting Table][38;5;7m to bot][0m
[18:44:05 INFO]: bot issued server command: /setblock 3 111 -3 air destroy
[18:44:05 INFO]: [3m[38;5;7m[bot: Changed the block at 3, 111, -3][0m
[18:44:05 INFO]: bot issued server command: /give @s furnace
[18:44:05 INFO]: [3m[38;5;7m[bot: Gave 1 [38;5;15m[Furnace][38;5;7m to bot][0m
[18:44:05 INFO]: bot issued server command: /gamerule doTileDrops true
[18:44:05 INFO]: [3m[38;5;7m[bot: Gamerule doTileDrops is now set to: true][0m
[18:44:06 INFO]: bot issued server command: /pause
[18:44:11 INFO]: bot issued server command: /pause
[18:44:12 INFO]: bot lost connection: Disconnected
[18:44:12 INFO]: [38;5;11mbot left the game[0m
[18:44:14 INFO]: UUID of player bot is 67128b5b-2e6b-3ad1-baa0-1b937b03e5c5
[18:44:14 INFO]: [DriftSystem] [教学] 老玩家加入: bot
[18:44:14 INFO]: [38;5;11mbot joined the game[0m
[18:44:14 INFO]: bot[/[0:0:0:0:0:0:0:1]:51828] logged in with entity id 679 at ([world]8.5, 124.0, -5.5)
[18:44:15 INFO]: bot issued server command: /gamerule keepInventory true
[18:44:15 INFO]: [3m[38;5;7m[bot: Gamerule keepInventory is now set to: true][0m
[18:44:15 INFO]: bot issued server command: /gamerule doDaylightCycle false
[18:44:15 INFO]: [3m[38;5;7m[bot: Gamerule doDaylightCycle is now set to: false][0m
[18:44:15 INFO]: bot issued server command: /pause
[18:44:16 INFO]: bot issued server command: /pause
[18:44:17 INFO]: [DriftSystem] [PayloadExecutorV1] done build_id=resource_park_bot_1787654657311 executed=759 failed=0 queue_depth=0
[18:44:17 WARN]: [DriftSystem] [PayloadExecutorV1] report failed build_id=resource_park_bot_1787654657311: Failed to connect to /127.0.0.1:8010
[18:44:18 INFO]: bot issued server command: /time set 4000
[18:44:18 INFO]: [3m[38;5;7m[bot: Set the time to 4000][0m
[18:44:18 INFO]: bot issued server command: /difficulty peaceful
[18:44:18 INFO]: bot issued server command: /gamerule doTileDrops false
[18:44:18 INFO]: [3m[38;5;7m[bot: Gamerule doTileDrops is now set to: false][0m
[18:44:18 INFO]: bot issued server command: /setblock 2 111 2 air destroy
[18:44:18 INFO]: [3m[38;5;7m[bot: Changed the block at 2, 111, 2][0m
[18:44:18 INFO]: bot issued server command: /give @s crafting_table
[18:44:18 INFO]: [3m[38;5;7m[bot: Gave 1 [38;5;15m[Crafting Table][38;5;7m to bot][0m
[18:44:18 INFO]: bot issued server command: /setblock 3 111 -3 air destroy
[18:44:18 INFO]: [3m[38;5;7m[bot: Changed the block at 3, 111, -3][0m
[18:44:18 INFO]: bot issued server command: /give @s furnace
[18:44:18 INFO]: [3m[38;5;7m[bot: Gave 1 [38;5;15m[Furnace][38;5;7m to bot][0m
[18:44:18 INFO]: bot issued server command: /gamerule doTileDrops true
[18:44:18 INFO]: [3m[38;5;7m[bot: Gamerule doTileDrops is now set to: true][0m
[18:44:19 INFO]: bot issued server command: /pause
[18:44:25 INFO]: bot issued server command: /pause
[18:44:26 INFO]: bot lost connection: Disconnected
[18:44:26 INFO]: [38;5;11mbot left the game[0m
[18:44:28 INFO]: UUID of player bot is 67128b5b-2e6b-3ad1-baa0-1b937b03e5c5
[18:44:28 INFO]: [DriftSystem] [教学] 老玩家加入: bot
[18:44:28 INFO]: [38;5;11mbot joined the game[0m
[18:44:28 INFO]: bot[/[0:0:0:0:0:0:0:1]:51850] logged in with entity id 687 at ([world]8.5, 124.0, -5.5)
[18:44:29 INFO]: bot issued server command: /gamerule keepInventory true
[18:44:29 INFO]: [3m[38;5;7m[bot: Gamerule keepInventory is now set to: true][0m
[18:44:29 INFO]: bot issued server command: /gamerule doDaylightCycle false
[18:44:29 INFO]: [3m[38;5;7m[bot: Gamerule doDaylightCycle is now set to: false][0m
[18:44:29 INFO]: bot issued server command: /pause
[18:44:30 INFO]: bot issued server command: /pause
[18:44:31 INFO]: [DriftSystem] [PayloadExecutorV1] done build_id=resource_park_bot_1787654671061 executed=759 failed=0 queue_depth=0
[18:44:31 WARN]: [DriftSystem] [PayloadExecutorV1] report failed build_id=resource_park_bot_1787654671061: Failed to connect to /127.0.0.1:8010
[18:44:32 INFO]: bot issued server command: /gamerule doTileDrops false
[18:44:32 INFO]: [3m[38;5;7m[bot: Gamerule doTileDrops is now set to: false][0m
[18:44:32 INFO]: bot issued server command: /setblock 2 111 2 air destroy
[18:44:32 INFO]: [3m[38;5;7m[bot: Changed the block at 2, 111, 2][0m
[18:44:32 INFO]: bot issued server command: /give @s crafting_table
[18:44:32 INFO]: [3m[38;5;7m[bot: Gave 1 [38;5;15m[Crafting Table][38;5;7m to bot][0m
[18:44:32 INFO]: bot issued server command: /setblock 3 111 -3 air destroy
[18:44:32 INFO]: [3m[38;5;7m[bot: Changed the block at 3, 111, -3][0m
[18:44:32 INFO]: bot issued server command: /give @s furnace
[18:44:32 INFO]: [3m[38;5;7m[bot: Gave 1 [38;5;15m[Furnace][38;5;7m to bot][0m
[18:44:32 INFO]: bot issued server command: /gamerule doTileDrops true
[18:44:32 INFO]: [3m[38;5;7m[bot: Gamerule doTileDrops is now set to: true][0m
[18:44:33 INFO]: bot issued server command: /pause
[18:44:34 INFO]: bot issued server command: /pause
[18:44:35 INFO]: bot lost connection: Disconnected
[18:44:35 INFO]: [38;5;11mbot left the game[0m
[18:44:36 INFO]: UUID of player bot is 67128b5b-2e6b-3ad1-baa0-1b937b03e5c5
[18:44:36 INFO]: [DriftSystem] [教学] 老玩家加入: bot
[18:44:36 INFO]: [38;5;11mbot joined the game[0m
[18:44:36 INFO]: bot[/[0:0:0:0:0:0:0:1]:51876] logged in with entity id 695 at ([world]8.5, 124.0, -5.5)
[18:44:37 INFO]: bot issued server command: /gamerule keepInventory true
[18:44:37 INFO]: [3m[38;5;7m[bot: Gamerule keepInventory is now set to: true][0m
[18:44:37 INFO]: bot issued server command: /gamerule doDaylightCycle false
[18:44:37 INFO]: [3m[38;5;7m[bot: Gamerule doDaylightCycle is now set to: false][0m
[18:44:37 INFO]: bot issued server command: /pause
[18:44:38 INFO]: bot issued server command: /pause
[18:44:40 INFO]: [DriftSystem] [PayloadExecutorV1] done build_id=resource_park_bot_1787654679761 executed=759 failed=0 queue_depth=0
[18:44:40 WARN]: [DriftSystem] [PayloadExecutorV1] report failed build_id=resource_park_bot_1787654679761: Failed to connect to /127.0.0.1:8010
[18:44:40 INFO]: bot issued server command: /time set 5000
[18:44:40 INFO]: [3m[38;5;7m[bot: Set the time to 5000][0m
[18:44:40 INFO]: bot issued server command: /difficulty peaceful
[18:44:40 INFO]: bot issued server command: /gamerule doTileDrops false
[18:44:40 INFO]: [3m[38;5;7m[bot: Gamerule doTileDrops is now set to: false][0m
[18:44:40 INFO]: bot issued server command: /setblock 2 111 2 air destroy
[18:44:40 INFO]: [3m[38;5;7m[bot: Changed the block at 2, 111, 2][0m
[18:44:40 INFO]: bot issued server command: /give @s crafting_table
[18:44:40 INFO]: [3m[38;5;7m[bot: Gave 1 [38;5;15m[Crafting Table][38;5;7m to bot][0m
[18:44:40 INFO]: bot issued server command: /setblock 3 111 -3 air destroy
[18:44:40 INFO]: [3m[38;5;7m[bot: Changed the block at 3, 111, -3][0m
[18:44:40 INFO]: bot issued server command: /give @s furnace
[18:44:40 INFO]: [3m[38;5;7m[bot: Gave 1 [38;5;15m[Furnace][38;5;7m to bot][0m
[18:44:40 INFO]: bot issued server command: /gamerule doTileDrops true
[18:44:40 INFO]: [3m[38;5;7m[bot: Gamerule doTileDrops is now set to: true][0m
[18:44:41 INFO]: bot issued server command: /pause
[18:44:50 INFO]: bot issued server command: /pause
[18:44:51 INFO]: bot lost connection: Disconnected
[18:44:51 INFO]: [38;5;11mbot left the game[0m
[18:44:52 INFO]: UUID of player bot is 67128b5b-2e6b-3ad1-baa0-1b937b03e5c5
[18:44:52 INFO]: [DriftSystem] [教学] 老玩家加入: bot
[18:44:52 INFO]: [38;5;11mbot joined the game[0m
[18:44:52 INFO]: bot[/[0:0:0:0:0:0:0:1]:51913] logged in with entity id 705 at ([world]8.5, 124.0, -5.5)
[18:44:53 INFO]: bot issued server command: /gamerule keepInventory true
[18:44:53 INFO]: [3m[38;5;7m[bot: Gamerule keepInventory is now set to: true][0m
[18:44:53 INFO]: bot issued server command: /gamerule doDaylightCycle false
[18:44:53 INFO]: [3m[38;5;7m[bot: Gamerule doDaylightCycle is now set to: false][0m
[18:44:53 INFO]: bot issued server command: /pause
[18:44:54 INFO]: bot issued server command: /pause
[18:44:56 INFO]: [DriftSystem] [PayloadExecutorV1] done build_id=resource_park_bot_1787654695861 executed=759 failed=0 queue_depth=0
[18:44:56 WARN]: [DriftSystem] [PayloadExecutorV1] report failed build_id=resource_park_bot_1787654695861: Failed to connect to /127.0.0.1:8010
[18:44:57 INFO]: bot issued server command: /gamerule doTileDrops false
[18:44:57 INFO]: [3m[38;5;7m[bot: Gamerule doTileDrops is now set to: false][0m
[18:44:57 INFO]: bot issued server command: /setblock 2 111 2 air destroy
[18:44:57 INFO]: [3m[38;5;7m[bot: Changed the block at 2, 111, 2][0m
[18:44:57 INFO]: bot issued server command: /give @s crafting_table
[18:44:57 INFO]: [3m[38;5;7m[bot: Gave 1 [38;5;15m[Crafting Table][38;5;7m to bot][0m
[18:44:57 INFO]: bot issued server command: /setblock 3 111 -3 air destroy
[18:44:57 INFO]: [3m[38;5;7m[bot: Changed the block at 3, 111, -3][0m
[18:44:57 INFO]: bot issued server command: /give @s furnace
[18:44:57 INFO]: [3m[38;5;7m[bot: Gave 1 [38;5;15m[Furnace][38;5;7m to bot][0m
[18:44:57 INFO]: bot issued server command: /gamerule doTileDrops true
[18:44:57 INFO]: [3m[38;5;7m[bot: Gamerule doTileDrops is now set to: true][0m
[18:44:58 INFO]: bot issued server command: /pause
[18:45:04 INFO]: bot issued server command: /pause
[18:45:05 INFO]: bot lost connection: Disconnected
[18:45:05 INFO]: [38;5;11mbot left the game[0m
[18:45:06 INFO]: UUID of player bot is 67128b5b-2e6b-3ad1-baa0-1b937b03e5c5
[18:45:06 INFO]: [DriftSystem] [教学] 老玩家加入: bot
[18:45:06 INFO]: [38;5;11mbot joined the game[0m
[18:45:06 INFO]: bot[/[0:0:0:0:0:0:0:1]:51964] logged in with entity id 716 at ([world]8.5, 124.0, -5.5)
[18:45:07 INFO]: bot issued server command: /gamerule keepInventory true
[18:45:07 INFO]: [3m[38;5;7m[bot: Gamerule keepInventory is now set to: true][0m
[18:45:07 INFO]: bot issued server command: /gamerule doDaylightCycle false
[18:45:07 INFO]: [3m[38;5;7m[bot: Gamerule doDaylightCycle is now set to: false][0m
[18:45:07 INFO]: bot issued server command: /pause
[18:45:08 INFO]: bot issued server command: /pause
[18:45:09 INFO]: [DriftSystem] [PayloadExecutorV1] done build_id=resource_park_bot_1787654709561 executed=759 failed=0 queue_depth=0
[18:45:09 WARN]: [DriftSystem] [PayloadExecutorV1] report failed build_id=resource_park_bot_1787654709561: Failed to connect to /127.0.0.1:8010
[18:45:10 INFO]: bot issued server command: /time set 6000
[18:45:10 INFO]: [3m[38;5;7m[bot: Set the time to 6000][0m
[18:45:10 INFO]: bot issued server command: /difficulty peaceful
[18:45:10 INFO]: bot issued server command: /gamerule doTileDrops false
[18:45:10 INFO]: [3m[38;5;7m[bot: Gamerule doTileDrops is now set to: false][0m
[18:45:10 INFO]: bot issued server command: /setblock 2 111 2 air destroy
[18:45:10 INFO]: [3m[38;5;7m[bot: Changed the block at 2, 111, 2][0m
[18:45:10 INFO]: bot issued server command: /give @s crafting_table
[18:45:10 INFO]: [3m[38;5;7m[bot: Gave 1 [38;5;15m[Crafting Table][38;5;7m to bot][0m
[18:45:10 INFO]: bot issued server command: /setblock 3 111 -3 air destroy
[18:45:10 INFO]: [3m[38;5;7m[bot: Changed the block at 3, 111, -3][0m
[18:45:10 INFO]: bot issued server command: /give @s furnace
[18:45:10 INFO]: [3m[38;5;7m[bot: Gave 1 [38;5;15m[Furnace][38;5;7m to bot][0m
[18:45:10 INFO]: bot issued server command: /gamerule doTileDrops true
[18:45:10 INFO]: [3m[38;5;7m[bot: Gamerule doTileDrops is now set to: true][0m
[18:45:11 INFO]: bot issued server command: /pause
[18:45:18 INFO]: bot issued server command: /pause
[18:45:19 INFO]: bot lost connection: Disconnected
[18:45:19 INFO]: [38;5;11mbot left the game[0m
[18:45:20 INFO]: UUID of player bot is 67128b5b-2e6b-3ad1-baa0-1b937b03e5c5
[18:45:20 INFO]: [DriftSystem] [教学] 老玩家加入: bot
[18:45:20 INFO]: [38;5;11mbot joined the game[0m
[18:45:20 INFO]: bot[/[0:0:0:0:0:0:0:1]:51983] logged in with entity id 723 at ([world]8.5, 124.0, -5.5)
[18:45:21 INFO]: bot issued server command: /gamerule keepInventory true
[18:45:21 INFO]: [3m[38;5;7m[bot: Gamerule keepInventory is now set to: true][0m
[18:45:21 INFO]: bot issued server command: /gamerule doDaylightCycle false
[18:45:21 INFO]: [3m[38;5;7m[bot: Gamerule doDaylightCycle is now set to: false][0m
[18:45:21 INFO]: bot issued server command: /pause
[18:45:22 INFO]: bot issued server command: /pause
[18:45:24 INFO]: [DriftSystem] [PayloadExecutorV1] done build_id=resource_park_bot_1787654723761 executed=759 failed=0 queue_depth=0
[18:45:24 WARN]: [DriftSystem] [PayloadExecutorV1] report failed build_id=resource_park_bot_1787654723761: Failed to connect to /127.0.0.1:8010
[18:45:24 INFO]: bot issued server command: /gamerule doTileDrops false
[18:45:24 INFO]: [3m[38;5;7m[bot: Gamerule doTileDrops is now set to: false][0m
[18:45:24 INFO]: bot issued server command: /setblock 2 111 2 air destroy
[18:45:24 INFO]: [3m[38;5;7m[bot: Changed the block at 2, 111, 2][0m
[18:45:24 INFO]: bot issued server command: /give @s crafting_table
[18:45:24 INFO]: [3m[38;5;7m[bot: Gave 1 [38;5;15m[Crafting Table][38;5;7m to bot][0m
[18:45:24 INFO]: bot issued server command: /setblock 3 111 -3 air destroy
[18:45:24 INFO]: [3m[38;5;7m[bot: Changed the block at 3, 111, -3][0m
[18:45:24 INFO]: bot issued server command: /give @s furnace
[18:45:24 INFO]: [3m[38;5;7m[bot: Gave 1 [38;5;15m[Furnace][38;5;7m to bot][0m
[18:45:24 INFO]: bot issued server command: /gamerule doTileDrops true
[18:45:24 INFO]: [3m[38;5;7m[bot: Gamerule doTileDrops is now set to: true][0m
[18:45:25 INFO]: bot issued server command: /pause
[18:45:26 INFO]: bot issued server command: /pause
[18:45:27 INFO]: bot lost connection: Disconnected
[18:45:27 INFO]: [38;5;11mbot left the game[0m
[18:45:29 INFO]: UUID of player bot is 67128b5b-2e6b-3ad1-baa0-1b937b03e5c5
[18:45:29 INFO]: [DriftSystem] [教学] 老玩家加入: bot
[18:45:29 INFO]: [38;5;11mbot joined the game[0m
[18:45:29 INFO]: bot[/[0:0:0:0:0:0:0:1]:51996] logged in with entity id 731 at ([world]8.5, 124.0, -5.5)
[18:45:30 INFO]: bot issued server command: /gamerule keepInventory true
[18:45:30 INFO]: [3m[38;5;7m[bot: Gamerule keepInventory is now set to: true][0m
[18:45:30 INFO]: bot issued server command: /gamerule doDaylightCycle false
[18:45:30 INFO]: [3m[38;5;7m[bot: Gamerule doDaylightCycle is now set to: false][0m
[18:45:30 INFO]: bot issued server command: /pause
[18:45:31 INFO]: bot issued server command: /pause
[18:45:32 INFO]: [DriftSystem] [PayloadExecutorV1] done build_id=resource_park_bot_1787654732411 executed=759 failed=0 queue_depth=0
[18:45:32 WARN]: [DriftSystem] [PayloadExecutorV1] report failed build_id=resource_park_bot_1787654732411: Failed to connect to /127.0.0.1:8010
[18:45:33 INFO]: bot issued server command: /time set 7000
[18:45:33 INFO]: [3m[38;5;7m[bot: Set the time to 7000][0m
[18:45:33 INFO]: bot issued server command: /difficulty peaceful
[18:45:33 INFO]: bot issued server command: /gamerule doTileDrops false
[18:45:33 INFO]: [3m[38;5;7m[bot: Gamerule doTileDrops is now set to: false][0m
[18:45:33 INFO]: bot issued server command: /setblock 2 111 2 air destroy
[18:45:33 INFO]: [3m[38;5;7m[bot: Changed the block at 2, 111, 2][0m
[18:45:33 INFO]: bot issued server command: /give @s crafting_table
[18:45:33 INFO]: [3m[38;5;7m[bot: Gave 1 [38;5;15m[Crafting Table][38;5;7m to bot][0m
[18:45:33 INFO]: bot issued server command: /setblock 3 111 -3 air destroy
[18:45:33 INFO]: [3m[38;5;7m[bot: Changed the block at 3, 111, -3][0m
[18:45:33 INFO]: bot issued server command: /give @s furnace
[18:45:33 INFO]: [3m[38;5;7m[bot: Gave 1 [38;5;15m[Furnace][38;5;7m to bot][0m
[18:45:33 INFO]: bot issued server command: /gamerule doTileDrops true
[18:45:33 INFO]: [3m[38;5;7m[bot: Gamerule doTileDrops is now set to: true][0m
[18:45:34 INFO]: bot issued server command: /pause
[18:45:43 INFO]: bot issued server command: /pause
[18:45:44 INFO]: bot lost connection: Disconnected
[18:45:44 INFO]: [38;5;11mbot left the game[0m
[18:45:46 INFO]: UUID of player bot is 67128b5b-2e6b-3ad1-baa0-1b937b03e5c5
[18:45:46 INFO]: [DriftSystem] [教学] 老玩家加入: bot
[18:45:46 INFO]: [38;5;11mbot joined the game[0m
[18:45:46 INFO]: bot[/[0:0:0:0:0:0:0:1]:52026] logged in with entity id 745 at ([world]8.5, 124.0, -5.5)
[18:45:47 INFO]: bot issued server command: /gamerule keepInventory true
[18:45:47 INFO]: [3m[38;5;7m[bot: Gamerule keepInventory is now set to: true][0m
[18:45:47 INFO]: bot issued server command: /gamerule doDaylightCycle false
[18:45:47 INFO]: [3m[38;5;7m[bot: Gamerule doDaylightCycle is now set to: false][0m
[18:45:47 INFO]: bot issued server command: /pause
[18:45:48 INFO]: bot issued server command: /pause
[18:45:49 INFO]: [DriftSystem] [PayloadExecutorV1] done build_id=resource_park_bot_1787654749061 executed=759 failed=0 queue_depth=0
[18:45:49 WARN]: [DriftSystem] [PayloadExecutorV1] report failed build_id=resource_park_bot_1787654749061: Failed to connect to /127.0.0.1:8010
[18:45:50 INFO]: bot issued server command: /gamerule doTileDrops false
[18:45:50 INFO]: [3m[38;5;7m[bot: Gamerule doTileDrops is now set to: false][0m
[18:45:50 INFO]: bot issued server command: /setblock 2 111 2 air destroy
[18:45:50 INFO]: [3m[38;5;7m[bot: Changed the block at 2, 111, 2][0m
[18:45:50 INFO]: bot issued server command: /give @s crafting_table
[18:45:50 INFO]: [3m[38;5;7m[bot: Gave 1 [38;5;15m[Crafting Table][38;5;7m to bot][0m
[18:45:50 INFO]: bot issued server command: /setblock 3 111 -3 air destroy
[18:45:50 INFO]: [3m[38;5;7m[bot: Changed the block at 3, 111, -3][0m
[18:45:50 INFO]: bot issued server command: /give @s furnace
[18:45:50 INFO]: [3m[38;5;7m[bot: Gave 1 [38;5;15m[Furnace][38;5;7m to bot][0m
[18:45:50 INFO]: bot issued server command: /gamerule doTileDrops true
[18:45:50 INFO]: [3m[38;5;7m[bot: Gamerule doTileDrops is now set to: true][0m
[18:45:51 INFO]: bot issued server command: /pause
[18:45:56 INFO]: bot issued server command: /pause
[18:45:57 INFO]: bot lost connection: Disconnected
[18:45:57 INFO]: [38;5;11mbot left the game[0m
[18:45:59 INFO]: UUID of player bot is 67128b5b-2e6b-3ad1-baa0-1b937b03e5c5
[18:45:59 INFO]: [DriftSystem] [教学] 老玩家加入: bot
[18:45:59 INFO]: [38;5;11mbot joined the game[0m
[18:45:59 INFO]: bot[/[0:0:0:0:0:0:0:1]:52070] logged in with entity id 758 at ([world]8.5, 124.0, -5.5)
[18:46:00 INFO]: bot issued server command: /gamerule keepInventory true
[18:46:00 INFO]: [3m[38;5;7m[bot: Gamerule keepInventory is now set to: true][0m
[18:46:00 INFO]: bot issued server command: /gamerule doDaylightCycle false
[18:46:00 INFO]: [3m[38;5;7m[bot: Gamerule doDaylightCycle is now set to: false][0m
[18:46:00 INFO]: bot issued server command: /pause
[18:46:01 INFO]: bot issued server command: /pause
[18:46:02 INFO]: [DriftSystem] [PayloadExecutorV1] done build_id=resource_park_bot_1787654762161 executed=759 failed=0 queue_depth=0
[18:46:02 WARN]: [DriftSystem] [PayloadExecutorV1] report failed build_id=resource_park_bot_1787654762161: Failed to connect to /127.0.0.1:8010
[18:46:03 INFO]: bot issued server command: /time set 8000
[18:46:03 INFO]: [3m[38;5;7m[bot: Set the time to 8000][0m
[18:46:03 INFO]: bot issued server command: /difficulty peaceful
[18:46:03 INFO]: bot issued server command: /gamerule doTileDrops false
[18:46:03 INFO]: [3m[38;5;7m[bot: Gamerule doTileDrops is now set to: false][0m
[18:46:03 INFO]: bot issued server command: /setblock 2 111 2 air destroy
[18:46:03 INFO]: [3m[38;5;7m[bot: Changed the block at 2, 111, 2][0m
[18:46:03 INFO]: bot issued server command: /give @s crafting_table
[18:46:03 INFO]: [3m[38;5;7m[bot: Gave 1 [38;5;15m[Crafting Table][38;5;7m to bot][0m
[18:46:03 INFO]: bot issued server command: /setblock 3 111 -3 air destroy
[18:46:03 INFO]: [3m[38;5;7m[bot: Changed the block at 3, 111, -3][0m
[18:46:03 INFO]: bot issued server command: /give @s furnace
[18:46:03 INFO]: [3m[38;5;7m[bot: Gave 1 [38;5;15m[Furnace][38;5;7m to bot][0m
[18:46:03 INFO]: bot issued server command: /gamerule doTileDrops true
[18:46:03 INFO]: [3m[38;5;7m[bot: Gamerule doTileDrops is now set to: true][0m
[18:46:04 INFO]: bot issued server command: /pause
[18:46:10 INFO]: bot issued server command: /pause
[18:46:11 INFO]: bot lost connection: Disconnected
[18:46:11 INFO]: [38;5;11mbot left the game[0m
[18:46:12 INFO]: UUID of player bot is 67128b5b-2e6b-3ad1-baa0-1b937b03e5c5
[18:46:12 INFO]: [DriftSystem] [教学] 老玩家加入: bot
[18:46:12 INFO]: [38;5;11mbot joined the game[0m
[18:46:12 INFO]: bot[/[0:0:0:0:0:0:0:1]:52100] logged in with entity id 769 at ([world]8.5, 124.0, -5.5)
[18:46:14 INFO]: bot issued server command: /gamerule keepInventory true
[18:46:14 INFO]: [3m[38;5;7m[bot: Gamerule keepInventory is now set to: true][0m
[18:46:14 INFO]: bot issued server command: /gamerule doDaylightCycle false
[18:46:14 INFO]: [3m[38;5;7m[bot: Gamerule doDaylightCycle is now set to: false][0m
[18:46:14 INFO]: bot issued server command: /pause
[18:46:15 INFO]: bot issued server command: /pause
[18:46:16 INFO]: [DriftSystem] [PayloadExecutorV1] done build_id=resource_park_bot_1787654775911 executed=759 failed=0 queue_depth=0
[18:46:16 WARN]: [DriftSystem] [PayloadExecutorV1] report failed build_id=resource_park_bot_1787654775911: Failed to connect to /127.0.0.1:8010
[18:46:16 INFO]: bot lost connection: Disconnected
[18:46:16 INFO]: [38;5;11mbot left the game[0m
[18:46:39 INFO]: UUID of player bot is 67128b5b-2e6b-3ad1-baa0-1b937b03e5c5
[18:46:39 INFO]: [DriftSystem] [教学] 老玩家加入: bot
[18:46:39 INFO]: [38;5;11mbot joined the game[0m
[18:46:39 INFO]: bot[/[0:0:0:0:0:0:0:1]:52199] logged in with entity id 777 at ([world]8.5, 124.0, -5.5)
[18:46:41 INFO]: bot issued server command: /gamerule keepInventory true
[18:46:41 INFO]: [3m[38;5;7m[bot: Gamerule keepInventory is now set to: true][0m
[18:46:41 INFO]: bot issued server command: /gamerule doDaylightCycle false
[18:46:41 INFO]: [3m[38;5;7m[bot: Gamerule doDaylightCycle is now set to: false][0m
[18:46:41 INFO]: bot issued server command: /pause
[18:46:42 INFO]: bot issued server command: /pause
[18:46:43 INFO]: [DriftSystem] [PayloadExecutorV1] done build_id=resource_park_bot_1787654802861 executed=759 failed=0 queue_depth=0
[18:46:43 WARN]: [DriftSystem] [PayloadExecutorV1] report failed build_id=resource_park_bot_1787654802861: Failed to connect to /127.0.0.1:8010
[18:46:44 INFO]: bot issued server command: /clear @s
[18:46:44 INFO]: [3m[38;5;7m[bot: Removed 45 item(s) from player bot][0m
[18:46:44 INFO]: bot issued server command: /gamerule doTileDrops false
[18:46:44 INFO]: [3m[38;5;7m[bot: Gamerule doTileDrops is now set to: false][0m
[18:46:44 INFO]: bot issued server command: /setblock 2 111 2 air destroy
[18:46:44 INFO]: [3m[38;5;7m[bot: Changed the block at 2, 111, 2][0m
[18:46:44 INFO]: bot issued server command: /give @s crafting_table
[18:46:44 INFO]: [3m[38;5;7m[bot: Gave 1 [38;5;15m[Crafting Table][38;5;7m to bot][0m
[18:46:44 INFO]: bot issued server command: /setblock 3 111 -3 air destroy
[18:46:44 INFO]: [3m[38;5;7m[bot: Changed the block at 3, 111, -3][0m
[18:46:44 INFO]: bot issued server command: /give @s furnace
[18:46:44 INFO]: [3m[38;5;7m[bot: Gave 1 [38;5;15m[Furnace][38;5;7m to bot][0m
[18:46:44 INFO]: bot issued server command: /gamerule doTileDrops true
[18:46:44 INFO]: [3m[38;5;7m[bot: Gamerule doTileDrops is now set to: true][0m
[18:46:45 INFO]: bot issued server command: /pause
[18:46:46 INFO]: bot issued server command: /pause
[18:46:48 INFO]: bot issued server command: /gamerule doTileDrops false
[18:46:48 INFO]: [3m[38;5;7m[bot: Gamerule doTileDrops is now set to: false][0m
[18:46:48 INFO]: bot issued server command: /setblock -2 111 -2 air destroy
[18:46:48 INFO]: [3m[38;5;7m[bot: Changed the block at -2, 111, -2][0m
[18:46:48 INFO]: bot issued server command: /give @s crafting_table
[18:46:48 INFO]: [3m[38;5;7m[bot: Gave 1 [38;5;15m[Crafting Table][38;5;7m to bot][0m
[18:46:49 INFO]: bot issued server command: /gamerule doTileDrops true
[18:46:49 INFO]: [3m[38;5;7m[bot: Gamerule doTileDrops is now set to: true][0m
[18:46:49 INFO]: bot issued server command: /pause
[18:46:51 INFO]: bot issued server command: /pause
[18:46:52 INFO]: bot lost connection: Disconnected
[18:46:52 INFO]: [38;5;11mbot left the game[0m
[18:46:54 INFO]: UUID of player bot is 67128b5b-2e6b-3ad1-baa0-1b937b03e5c5
[18:46:54 INFO]: [DriftSystem] [教学] 老玩家加入: bot
[18:46:54 INFO]: [38;5;11mbot joined the game[0m
[18:46:54 INFO]: bot[/[0:0:0:0:0:0:0:1]:52221] logged in with entity id 795 at ([world]8.5, 124.0, -5.5)
[18:46:55 INFO]: bot issued server command: /gamerule keepInventory true
[18:46:55 INFO]: [3m[38;5;7m[bot: Gamerule keepInventory is now set to: true][0m
[18:46:55 INFO]: bot issued server command: /gamerule doDaylightCycle false
[18:46:55 INFO]: [3m[38;5;7m[bot: Gamerule doDaylightCycle is now set to: false][0m
[18:46:55 INFO]: bot issued server command: /pause
[18:46:56 INFO]: bot issued server command: /pause
[18:46:57 INFO]: [DriftSystem] [PayloadExecutorV1] done build_id=resource_park_bot_1787654817311 executed=759 failed=0 queue_depth=0
[18:46:57 WARN]: [DriftSystem] [PayloadExecutorV1] report failed build_id=resource_park_bot_1787654817311: Failed to connect to /127.0.0.1:8010
[18:46:58 INFO]: bot issued server command: /time set 9000
[18:46:58 INFO]: [3m[38;5;7m[bot: Set the time to 9000][0m
[18:46:58 INFO]: bot issued server command: /difficulty peaceful
[18:46:58 INFO]: bot issued server command: /gamerule doTileDrops false
[18:46:58 INFO]: [3m[38;5;7m[bot: Gamerule doTileDrops is now set to: false][0m
[18:46:58 INFO]: bot issued server command: /setblock 2 111 2 air destroy
[18:46:58 INFO]: [3m[38;5;7m[bot: Changed the block at 2, 111, 2][0m
[18:46:58 INFO]: bot issued server command: /give @s crafting_table
[18:46:58 INFO]: [3m[38;5;7m[bot: Gave 1 [38;5;15m[Crafting Table][38;5;7m to bot][0m
[18:46:58 INFO]: bot issued server command: /setblock 3 111 -3 air destroy
[18:46:58 INFO]: [3m[38;5;7m[bot: Changed the block at 3, 111, -3][0m
[18:46:58 INFO]: bot issued server command: /give @s furnace
[18:46:58 INFO]: [3m[38;5;7m[bot: Gave 1 [38;5;15m[Furnace][38;5;7m to bot][0m
[18:46:58 INFO]: bot issued server command: /gamerule doTileDrops true
[18:46:58 INFO]: [3m[38;5;7m[bot: Gamerule doTileDrops is now set to: true][0m
[18:46:59 INFO]: bot issued server command: /pause
[18:47:05 INFO]: bot issued server command: /pause
[18:47:06 INFO]: bot lost connection: Disconnected
[18:47:06 INFO]: [38;5;11mbot left the game[0m
[18:47:08 INFO]: UUID of player bot is 67128b5b-2e6b-3ad1-baa0-1b937b03e5c5
[18:47:08 INFO]: [DriftSystem] [教学] 老玩家加入: bot
[18:47:08 INFO]: [38;5;11mbot joined the game[0m
[18:47:08 INFO]: bot[/[0:0:0:0:0:0:0:1]:52253] logged in with entity id 803 at ([world]8.5, 124.0, -5.5)
[18:47:09 INFO]: bot issued server command: /gamerule keepInventory true
[18:47:09 INFO]: [3m[38;5;7m[bot: Gamerule keepInventory is now set to: true][0m
[18:47:09 INFO]: bot issued server command: /gamerule doDaylightCycle false
[18:47:09 INFO]: [3m[38;5;7m[bot: Gamerule doDaylightCycle is now set to: false][0m
[18:47:09 INFO]: bot issued server command: /pause
[18:47:10 INFO]: bot issued server command: /pause
[18:47:11 INFO]: [DriftSystem] [PayloadExecutorV1] done build_id=resource_park_bot_1787654831212 executed=759 failed=0 queue_depth=0
[18:47:11 WARN]: [DriftSystem] [PayloadExecutorV1] report failed build_id=resource_park_bot_1787654831212: Failed to connect to /127.0.0.1:8010
[18:47:12 INFO]: bot issued server command: /gamerule doTileDrops false
[18:47:12 INFO]: [3m[38;5;7m[bot: Gamerule doTileDrops is now set to: false][0m
[18:47:12 INFO]: bot issued server command: /setblock 2 111 2 air destroy
[18:47:12 INFO]: [3m[38;5;7m[bot: Changed the block at 2, 111, 2][0m
[18:47:12 INFO]: bot issued server command: /give @s crafting_table
[18:47:12 INFO]: [3m[38;5;7m[bot: Gave 1 [38;5;15m[Crafting Table][38;5;7m to bot][0m
[18:47:12 INFO]: bot issued server command: /setblock 3 111 -3 air destroy
[18:47:12 INFO]: [3m[38;5;7m[bot: Changed the block at 3, 111, -3][0m
[18:47:12 INFO]: bot issued server command: /give @s furnace
[18:47:12 INFO]: [3m[38;5;7m[bot: Gave 1 [38;5;15m[Furnace][38;5;7m to bot][0m
[18:47:12 INFO]: bot issued server command: /gamerule doTileDrops true
[18:47:12 INFO]: [3m[38;5;7m[bot: Gamerule doTileDrops is now set to: true][0m
[18:47:13 INFO]: bot issued server command: /pause
[18:47:14 INFO]: bot issued server command: /pause
[18:47:15 INFO]: bot lost connection: Disconnected
[18:47:15 INFO]: [38;5;11mbot left the game[0m
[18:47:16 INFO]: UUID of player bot is 67128b5b-2e6b-3ad1-baa0-1b937b03e5c5
[18:47:16 INFO]: [DriftSystem] [教学] 老玩家加入: bot
[18:47:16 INFO]: [38;5;11mbot joined the game[0m
[18:47:16 INFO]: bot[/[0:0:0:0:0:0:0:1]:52265] logged in with entity id 814 at ([world]8.5, 124.0, -5.5)
[18:47:18 INFO]: bot issued server command: /gamerule keepInventory true
[18:47:18 INFO]: [3m[38;5;7m[bot: Gamerule keepInventory is now set to: true][0m
[18:47:18 INFO]: bot issued server command: /gamerule doDaylightCycle false
[18:47:18 INFO]: [3m[38;5;7m[bot: Gamerule doDaylightCycle is now set to: false][0m
[18:47:18 INFO]: bot issued server command: /pause
[18:47:19 INFO]: bot issued server command: /pause
[18:47:20 INFO]: [DriftSystem] [PayloadExecutorV1] done build_id=resource_park_bot_1787654839912 executed=759 failed=0 queue_depth=0
[18:47:20 WARN]: [DriftSystem] [PayloadExecutorV1] report failed build_id=resource_park_bot_1787654839912: Failed to connect to /127.0.0.1:8010
[18:47:21 INFO]: bot issued server command: /time set 10000
[18:47:21 INFO]: [3m[38;5;7m[bot: Set the time to 10000][0m
[18:47:21 INFO]: bot issued server command: /difficulty peaceful
[18:47:21 INFO]: bot issued server command: /gamerule doTileDrops false
[18:47:21 INFO]: [3m[38;5;7m[bot: Gamerule doTileDrops is now set to: false][0m
[18:47:21 INFO]: bot issued server command: /setblock 2 111 2 air destroy
[18:47:21 INFO]: [3m[38;5;7m[bot: Changed the block at 2, 111, 2][0m
[18:47:21 INFO]: bot issued server command: /give @s crafting_table
[18:47:21 INFO]: [3m[38;5;7m[bot: Gave 1 [38;5;15m[Crafting Table][38;5;7m to bot][0m
[18:47:21 INFO]: bot issued server command: /setblock 3 111 -3 air destroy
[18:47:21 INFO]: [3m[38;5;7m[bot: Changed the block at 3, 111, -3][0m
[18:47:21 INFO]: bot issued server command: /give @s furnace
[18:47:21 INFO]: [3m[38;5;7m[bot: Gave 1 [38;5;15m[Furnace][38;5;7m to bot][0m
[18:47:21 INFO]: bot issued server command: /gamerule doTileDrops true
[18:47:21 INFO]: [3m[38;5;7m[bot: Gamerule doTileDrops is now set to: true][0m
[18:47:22 INFO]: bot issued server command: /pause
[18:47:31 INFO]: bot issued server command: /pause
[18:47:32 INFO]: bot lost connection: Disconnected
[18:47:32 INFO]: [38;5;11mbot left the game[0m
[18:47:33 INFO]: UUID of player bot is 67128b5b-2e6b-3ad1-baa0-1b937b03e5c5
[18:47:33 INFO]: [DriftSystem] [教学] 老玩家加入: bot
[18:47:33 INFO]: [38;5;11mbot joined the game[0m
[18:47:33 INFO]: bot[/[0:0:0:0:0:0:0:1]:52284] logged in with entity id 829 at ([world]8.5, 124.0, -5.5)
[18:47:34 INFO]: bot issued server command: /gamerule keepInventory true
[18:47:34 INFO]: [3m[38;5;7m[bot: Gamerule keepInventory is now set to: true][0m
[18:47:34 INFO]: bot issued server command: /gamerule doDaylightCycle false
[18:47:34 INFO]: [3m[38;5;7m[bot: Gamerule doDaylightCycle is now set to: false][0m
[18:47:34 INFO]: bot issued server command: /pause
[18:47:35 INFO]: bot issued server command: /pause
[18:47:36 INFO]: [DriftSystem] [PayloadExecutorV1] done build_id=resource_park_bot_1787654856562 executed=759 failed=0 queue_depth=0
[18:47:36 WARN]: [DriftSystem] [PayloadExecutorV1] report failed build_id=resource_park_bot_1787654856562: Failed to connect to /127.0.0.1:8010
[18:47:37 INFO]: bot issued server command: /gamerule doTileDrops false
[18:47:37 INFO]: [3m[38;5;7m[bot: Gamerule doTileDrops is now set to: false][0m
[18:47:37 INFO]: bot issued server command: /setblock 2 111 2 air destroy
[18:47:37 INFO]: [3m[38;5;7m[bot: Changed the block at 2, 111, 2][0m
[18:47:37 INFO]: bot issued server command: /give @s crafting_table
[18:47:37 INFO]: [3m[38;5;7m[bot: Gave 1 [38;5;15m[Crafting Table][38;5;7m to bot][0m
[18:47:37 INFO]: bot issued server command: /setblock 3 111 -3 air destroy
[18:47:37 INFO]: [3m[38;5;7m[bot: Changed the block at 3, 111, -3][0m
[18:47:37 INFO]: bot issued server command: /give @s furnace
[18:47:37 INFO]: [3m[38;5;7m[bot: Gave 1 [38;5;15m[Furnace][38;5;7m to bot][0m
[18:47:37 INFO]: bot issued server command: /gamerule doTileDrops true
[18:47:37 INFO]: [3m[38;5;7m[bot: Gamerule doTileDrops is now set to: true][0m
[18:47:38 INFO]: bot issued server command: /pause
[18:47:43 INFO]: bot issued server command: /pause
[18:47:44 INFO]: bot lost connection: Disconnected
[18:47:44 INFO]: [38;5;11mbot left the game[0m
[18:47:45 INFO]: UUID of player bot is 67128b5b-2e6b-3ad1-baa0-1b937b03e5c5
[18:47:45 INFO]: [DriftSystem] [教学] 老玩家加入: bot
[18:47:45 INFO]: [38;5;11mbot joined the game[0m
[18:47:45 INFO]: bot[/[0:0:0:0:0:0:0:1]:52305] logged in with entity id 840 at ([world]8.5, 124.0, -5.5)
[18:47:47 INFO]: bot issued server command: /gamerule keepInventory true
[18:47:47 INFO]: [3m[38;5;7m[bot: Gamerule keepInventory is now set to: true][0m
[18:47:47 INFO]: bot issued server command: /gamerule doDaylightCycle false
[18:47:47 INFO]: [3m[38;5;7m[bot: Gamerule doDaylightCycle is now set to: false][0m
[18:47:47 INFO]: bot issued server command: /pause
[18:47:48 INFO]: bot issued server command: /pause
[18:47:49 INFO]: [DriftSystem] [PayloadExecutorV1] done build_id=resource_park_bot_1787654868962 executed=759 failed=0 queue_depth=0
[18:47:49 WARN]: [DriftSystem] [PayloadExecutorV1] report failed build_id=resource_park_bot_1787654868962: Failed to connect to /127.0.0.1:8010
[18:47:50 INFO]: bot issued server command: /time set 11000
[18:47:50 INFO]: [3m[38;5;7m[bot: Set the time to 11000][0m
[18:47:50 INFO]: bot issued server command: /difficulty peaceful
[18:47:50 INFO]: bot issued server command: /gamerule doTileDrops false
[18:47:50 INFO]: [3m[38;5;7m[bot: Gamerule doTileDrops is now set to: false][0m
[18:47:50 INFO]: bot issued server command: /setblock 2 111 2 air destroy
[18:47:50 INFO]: [3m[38;5;7m[bot: Changed the block at 2, 111, 2][0m
[18:47:50 INFO]: bot issued server command: /give @s crafting_table
[18:47:50 INFO]: [3m[38;5;7m[bot: Gave 1 [38;5;15m[Crafting Table][38;5;7m to bot][0m
[18:47:50 INFO]: bot issued server command: /setblock 3 111 -3 air destroy
[18:47:50 INFO]: [3m[38;5;7m[bot: Changed the block at 3, 111, -3][0m
[18:47:50 INFO]: bot issued server command: /give @s furnace
[18:47:50 INFO]: [3m[38;5;7m[bot: Gave 1 [38;5;15m[Furnace][38;5;7m to bot][0m
[18:47:50 INFO]: bot issued server command: /gamerule doTileDrops true
[18:47:50 INFO]: [3m[38;5;7m[bot: Gamerule doTileDrops is now set to: true][0m
[18:47:51 INFO]: bot issued server command: /pause
[18:47:57 INFO]: bot issued server command: /pause
[18:47:58 INFO]: bot lost connection: Disconnected
[18:47:58 INFO]: [38;5;11mbot left the game[0m
[18:47:59 INFO]: UUID of player bot is 67128b5b-2e6b-3ad1-baa0-1b937b03e5c5
[18:47:59 INFO]: [DriftSystem] [教学] 老玩家加入: bot
[18:47:59 INFO]: [38;5;11mbot joined the game[0m
[18:47:59 INFO]: bot[/[0:0:0:0:0:0:0:1]:52324] logged in with entity id 850 at ([world]8.5, 124.0, -5.5)
[18:48:01 INFO]: bot issued server command: /gamerule keepInventory true
[18:48:01 INFO]: [3m[38;5;7m[bot: Gamerule keepInventory is now set to: true][0m
[18:48:01 INFO]: bot issued server command: /gamerule doDaylightCycle false
[18:48:01 INFO]: [3m[38;5;7m[bot: Gamerule doDaylightCycle is now set to: false][0m
[18:48:01 INFO]: bot issued server command: /pause
[18:48:02 INFO]: bot issued server command: /pause
[18:48:03 INFO]: [DriftSystem] [PayloadExecutorV1] done build_id=resource_park_bot_1787654882962 executed=759 failed=0 queue_depth=0
[18:48:03 WARN]: [DriftSystem] [PayloadExecutorV1] report failed build_id=resource_park_bot_1787654882962: Failed to connect to /127.0.0.1:8010
[18:48:04 INFO]: bot issued server command: /gamerule doTileDrops false
[18:48:04 INFO]: [3m[38;5;7m[bot: Gamerule doTileDrops is now set to: false][0m
[18:48:04 INFO]: bot issued server command: /setblock 2 111 2 air destroy
[18:48:04 INFO]: [3m[38;5;7m[bot: Changed the block at 2, 111, 2][0m
[18:48:04 INFO]: bot issued server command: /give @s crafting_table
[18:48:04 INFO]: [3m[38;5;7m[bot: Gave 1 [38;5;15m[Crafting Table][38;5;7m to bot][0m
[18:48:04 INFO]: bot issued server command: /setblock 3 111 -3 air destroy
[18:48:04 INFO]: [3m[38;5;7m[bot: Changed the block at 3, 111, -3][0m
[18:48:04 INFO]: bot issued server command: /give @s furnace
[18:48:04 INFO]: [3m[38;5;7m[bot: Gave 1 [38;5;15m[Furnace][38;5;7m to bot][0m
[18:48:04 INFO]: bot issued server command: /gamerule doTileDrops true
[18:48:04 INFO]: [3m[38;5;7m[bot: Gamerule doTileDrops is now set to: true][0m
[18:48:05 INFO]: bot issued server command: /pause
[18:48:06 INFO]: bot issued server command: /pause
[18:48:07 INFO]: bot lost connection: Disconnected
[18:48:07 INFO]: [38;5;11mbot left the game[0m
[18:48:08 INFO]: UUID of player bot is 67128b5b-2e6b-3ad1-baa0-1b937b03e5c5
[18:48:08 INFO]: [DriftSystem] [教学] 老玩家加入: bot
[18:48:08 INFO]: [38;5;11mbot joined the game[0m
[18:48:08 INFO]: bot[/[0:0:0:0:0:0:0:1]:52364] logged in with entity id 855 at ([world]8.5, 124.0, -5.5)
[18:48:09 INFO]: bot issued server command: /gamerule keepInventory true
[18:48:09 INFO]: [3m[38;5;7m[bot: Gamerule keepInventory is now set to: true][0m
[18:48:09 INFO]: bot issued server command: /gamerule doDaylightCycle false
[18:48:09 INFO]: [3m[38;5;7m[bot: Gamerule doDaylightCycle is now set to: false][0m
[18:48:09 INFO]: bot issued server command: /pause
[18:48:10 INFO]: bot issued server command: /pause
[18:48:12 INFO]: [DriftSystem] [PayloadExecutorV1] done build_id=resource_park_bot_1787654891662 executed=759 failed=0 queue_depth=0
[18:48:12 WARN]: [DriftSystem] [PayloadExecutorV1] report failed build_id=resource_park_bot_1787654891662: Failed to connect to /127.0.0.1:8010
[18:48:12 INFO]: bot issued server command: /time set 12000
[18:48:12 INFO]: [3m[38;5;7m[bot: Set the time to 12000][0m
[18:48:12 INFO]: bot issued server command: /difficulty peaceful
[18:48:12 INFO]: bot issued server command: /gamerule doTileDrops false
[18:48:12 INFO]: [3m[38;5;7m[bot: Gamerule doTileDrops is now set to: false][0m
[18:48:12 INFO]: bot issued server command: /setblock 2 111 2 air destroy
[18:48:12 INFO]: [3m[38;5;7m[bot: Changed the block at 2, 111, 2][0m
[18:48:12 INFO]: bot issued server command: /give @s crafting_table
[18:48:12 INFO]: [3m[38;5;7m[bot: Gave 1 [38;5;15m[Crafting Table][38;5;7m to bot][0m
[18:48:12 INFO]: bot issued server command: /setblock 3 111 -3 air destroy
[18:48:12 INFO]: [3m[38;5;7m[bot: Changed the block at 3, 111, -3][0m
[18:48:12 INFO]: bot issued server command: /give @s furnace
[18:48:12 INFO]: [3m[38;5;7m[bot: Gave 1 [38;5;15m[Furnace][38;5;7m to bot][0m
[18:48:12 INFO]: bot issued server command: /gamerule doTileDrops true
[18:48:12 INFO]: [3m[38;5;7m[bot: Gamerule doTileDrops is now set to: true][0m
[18:48:13 INFO]: bot issued server command: /pause
[18:48:22 INFO]: bot issued server command: /pause
[18:48:23 INFO]: bot lost connection: Disconnected
[18:48:23 INFO]: [38;5;11mbot left the game[0m
[18:48:24 INFO]: UUID of player bot is 67128b5b-2e6b-3ad1-baa0-1b937b03e5c5
[18:48:25 INFO]: [DriftSystem] [教学] 老玩家加入: bot
[18:48:25 INFO]: [38;5;11mbot joined the game[0m
[18:48:25 INFO]: bot[/[0:0:0:0:0:0:0:1]:52383] logged in with entity id 875 at ([world]8.5, 124.0, -5.5)
[18:48:26 INFO]: bot issued server command: /gamerule keepInventory true
[18:48:26 INFO]: [3m[38;5;7m[bot: Gamerule keepInventory is now set to: true][0m
[18:48:26 INFO]: bot issued server command: /gamerule doDaylightCycle false
[18:48:26 INFO]: [3m[38;5;7m[bot: Gamerule doDaylightCycle is now set to: false][0m
[18:48:26 INFO]: bot issued server command: /pause
[18:48:27 INFO]: bot issued server command: /pause
[18:48:28 INFO]: [DriftSystem] [PayloadExecutorV1] done build_id=resource_park_bot_1787654908012 executed=759 failed=0 queue_depth=0
[18:48:28 WARN]: [DriftSystem] [PayloadExecutorV1] report failed build_id=resource_park_bot_1787654908012: Failed to connect to /127.0.0.1:8010
[18:48:29 INFO]: bot issued server command: /gamerule doTileDrops false
[18:48:29 INFO]: [3m[38;5;7m[bot: Gamerule doTileDrops is now set to: false][0m
[18:48:29 INFO]: bot issued server command: /setblock 2 111 2 air destroy
[18:48:29 INFO]: [3m[38;5;7m[bot: Changed the block at 2, 111, 2][0m
[18:48:29 INFO]: bot issued server command: /give @s crafting_table
[18:48:29 INFO]: [3m[38;5;7m[bot: Gave 1 [38;5;15m[Crafting Table][38;5;7m to bot][0m
[18:48:29 INFO]: bot issued server command: /setblock 3 111 -3 air destroy
[18:48:29 INFO]: [3m[38;5;7m[bot: Changed the block at 3, 111, -3][0m
[18:48:29 INFO]: bot issued server command: /give @s furnace
[18:48:29 INFO]: [3m[38;5;7m[bot: Gave 1 [38;5;15m[Furnace][38;5;7m to bot][0m
[18:48:29 INFO]: bot issued server command: /gamerule doTileDrops true
[18:48:29 INFO]: [3m[38;5;7m[bot: Gamerule doTileDrops is now set to: true][0m
[18:48:30 INFO]: bot issued server command: /pause
[18:48:34 INFO]: bot issued server command: /pause
[18:48:35 INFO]: bot lost connection: Disconnected
[18:48:35 INFO]: [38;5;11mbot left the game[0m
[18:48:36 INFO]: UUID of player bot is 67128b5b-2e6b-3ad1-baa0-1b937b03e5c5
[18:48:36 INFO]: [DriftSystem] [教学] 老玩家加入: bot
[18:48:36 INFO]: [38;5;11mbot joined the game[0m
[18:48:36 INFO]: bot[/[0:0:0:0:0:0:0:1]:52424] logged in with entity id 888 at ([world]8.5, 124.0, -5.5)
[18:48:37 INFO]: bot issued server command: /gamerule keepInventory true
[18:48:37 INFO]: [3m[38;5;7m[bot: Gamerule keepInventory is now set to: true][0m
[18:48:37 INFO]: bot issued server command: /gamerule doDaylightCycle false
[18:48:37 INFO]: [3m[38;5;7m[bot: Gamerule doDaylightCycle is now set to: false][0m
[18:48:37 INFO]: bot issued server command: /pause
[18:48:38 INFO]: bot issued server command: /pause
[18:48:40 INFO]: [DriftSystem] [PayloadExecutorV1] done build_id=resource_park_bot_1787654919712 executed=759 failed=0 queue_depth=0
[18:48:40 WARN]: [DriftSystem] [PayloadExecutorV1] report failed build_id=resource_park_bot_1787654919712: Failed to connect to /127.0.0.1:8010
[18:48:40 INFO]: bot issued server command: /time set 13000
[18:48:40 INFO]: [3m[38;5;7m[bot: Set the time to 13000][0m
[18:48:40 INFO]: bot issued server command: /difficulty peaceful
[18:48:40 INFO]: bot issued server command: /gamerule doTileDrops false
[18:48:40 INFO]: [3m[38;5;7m[bot: Gamerule doTileDrops is now set to: false][0m
[18:48:40 INFO]: bot issued server command: /setblock 2 111 2 air destroy
[18:48:40 INFO]: [3m[38;5;7m[bot: Changed the block at 2, 111, 2][0m
[18:48:40 INFO]: bot issued server command: /give @s crafting_table
[18:48:40 INFO]: [3m[38;5;7m[bot: Gave 1 [38;5;15m[Crafting Table][38;5;7m to bot][0m
[18:48:40 INFO]: bot issued server command: /setblock 3 111 -3 air destroy
[18:48:40 INFO]: [3m[38;5;7m[bot: Changed the block at 3, 111, -3][0m
[18:48:40 INFO]: bot issued server command: /give @s furnace
[18:48:40 INFO]: [3m[38;5;7m[bot: Gave 1 [38;5;15m[Furnace][38;5;7m to bot][0m
[18:48:40 INFO]: bot issued server command: /gamerule doTileDrops true
[18:48:40 INFO]: [3m[38;5;7m[bot: Gamerule doTileDrops is now set to: true][0m
[18:48:41 INFO]: bot issued server command: /pause
[18:48:47 INFO]: bot issued server command: /pause
[18:48:49 INFO]: bot lost connection: Disconnected
[18:48:49 INFO]: [38;5;11mbot left the game[0m
[18:48:50 INFO]: UUID of player bot is 67128b5b-2e6b-3ad1-baa0-1b937b03e5c5
[18:48:50 INFO]: [DriftSystem] [教学] 老玩家加入: bot
[18:48:50 INFO]: [38;5;11mbot joined the game[0m
[18:48:50 INFO]: bot[/[0:0:0:0:0:0:0:1]:52450] logged in with entity id 897 at ([world]8.5, 124.0, -5.5)
[18:48:51 INFO]: bot issued server command: /gamerule keepInventory true
[18:48:51 INFO]: [3m[38;5;7m[bot: Gamerule keepInventory is now set to: true][0m
[18:48:51 INFO]: bot issued server command: /gamerule doDaylightCycle false
[18:48:51 INFO]: [3m[38;5;7m[bot: Gamerule doDaylightCycle is now set to: false][0m
[18:48:51 INFO]: bot issued server command: /pause
[18:48:52 INFO]: bot issued server command: /pause
[18:48:53 INFO]: [DriftSystem] [PayloadExecutorV1] done build_id=resource_park_bot_1787654933512 executed=759 failed=0 queue_depth=0
[18:48:53 WARN]: [DriftSystem] [PayloadExecutorV1] report failed build_id=resource_park_bot_1787654933512: Failed to connect to /127.0.0.1:8010
[18:48:54 INFO]: bot issued server command: /gamerule doTileDrops false
[18:48:54 INFO]: [3m[38;5;7m[bot: Gamerule doTileDrops is now set to: false][0m
[18:48:54 INFO]: bot issued server command: /setblock 2 111 2 air destroy
[18:48:54 INFO]: [3m[38;5;7m[bot: Changed the block at 2, 111, 2][0m
[18:48:54 INFO]: bot issued server command: /give @s crafting_table
[18:48:54 INFO]: [3m[38;5;7m[bot: Gave 1 [38;5;15m[Crafting Table][38;5;7m to bot][0m
[18:48:54 INFO]: bot issued server command: /setblock 3 111 -3 air destroy
[18:48:54 INFO]: [3m[38;5;7m[bot: Changed the block at 3, 111, -3][0m
[18:48:54 INFO]: bot issued server command: /give @s furnace
[18:48:54 INFO]: [3m[38;5;7m[bot: Gave 1 [38;5;15m[Furnace][38;5;7m to bot][0m
[18:48:54 INFO]: bot issued server command: /gamerule doTileDrops true
[18:48:54 INFO]: [3m[38;5;7m[bot: Gamerule doTileDrops is now set to: true][0m
[18:48:55 INFO]: bot issued server command: /pause
[18:48:56 INFO]: bot issued server command: /pause
[18:48:57 INFO]: bot lost connection: Disconnected
[18:48:57 INFO]: [38;5;11mbot left the game[0m
[18:48:59 INFO]: UUID of player bot is 67128b5b-2e6b-3ad1-baa0-1b937b03e5c5
[18:48:59 INFO]: [DriftSystem] [教学] 老玩家加入: bot
[18:48:59 INFO]: [38;5;11mbot joined the game[0m
[18:48:59 INFO]: bot[/[0:0:0:0:0:0:0:1]:52465] logged in with entity id 904 at ([world]8.5, 124.0, -5.5)
[18:49:00 INFO]: bot issued server command: /gamerule keepInventory true
[18:49:00 INFO]: [3m[38;5;7m[bot: Gamerule keepInventory is now set to: true][0m
[18:49:00 INFO]: bot issued server command: /gamerule doDaylightCycle false
[18:49:00 INFO]: [3m[38;5;7m[bot: Gamerule doDaylightCycle is now set to: false][0m
[18:49:00 INFO]: bot issued server command: /pause
[18:49:01 INFO]: bot issued server command: /pause
[18:49:02 INFO]: [DriftSystem] [PayloadExecutorV1] done build_id=resource_park_bot_1787654942212 executed=759 failed=0 queue_depth=0
[18:49:02 WARN]: [DriftSystem] [PayloadExecutorV1] report failed build_id=resource_park_bot_1787654942212: Failed to connect to /127.0.0.1:8010
[18:49:03 INFO]: bot issued server command: /time set 15000
[18:49:03 INFO]: [3m[38;5;7m[bot: Set the time to 15000][0m
[18:49:03 INFO]: bot issued server command: /difficulty peaceful
[18:49:03 INFO]: bot issued server command: /gamerule doTileDrops false
[18:49:03 INFO]: [3m[38;5;7m[bot: Gamerule doTileDrops is now set to: false][0m
[18:49:03 INFO]: bot issued server command: /setblock 2 111 2 air destroy
[18:49:03 INFO]: [3m[38;5;7m[bot: Changed the block at 2, 111, 2][0m
[18:49:03 INFO]: bot issued server command: /give @s crafting_table
[18:49:03 INFO]: [3m[38;5;7m[bot: Gave 1 [38;5;15m[Crafting Table][38;5;7m to bot][0m
[18:49:03 INFO]: bot issued server command: /setblock 3 111 -3 air destroy
[18:49:03 INFO]: [3m[38;5;7m[bot: Changed the block at 3, 111, -3][0m
[18:49:03 INFO]: bot issued server command: /give @s furnace
[18:49:03 INFO]: [3m[38;5;7m[bot: Gave 1 [38;5;15m[Furnace][38;5;7m to bot][0m
[18:49:03 INFO]: bot issued server command: /gamerule doTileDrops true
[18:49:03 INFO]: [3m[38;5;7m[bot: Gamerule doTileDrops is now set to: true][0m
[18:49:04 INFO]: bot issued server command: /pause
[18:49:13 INFO]: bot issued server command: /pause
[18:49:14 INFO]: bot lost connection: Disconnected
[18:49:14 INFO]: [38;5;11mbot left the game[0m
[18:49:16 INFO]: UUID of player bot is 67128b5b-2e6b-3ad1-baa0-1b937b03e5c5
[18:49:16 INFO]: [DriftSystem] [教学] 老玩家加入: bot
[18:49:16 INFO]: [38;5;11mbot joined the game[0m
[18:49:16 INFO]: bot[/[0:0:0:0:0:0:0:1]:52512] logged in with entity id 927 at ([world]8.5, 124.0, -5.5)
[18:49:17 INFO]: bot issued server command: /gamerule keepInventory true
[18:49:17 INFO]: [3m[38;5;7m[bot: Gamerule keepInventory is now set to: true][0m
[18:49:17 INFO]: bot issued server command: /gamerule doDaylightCycle false
[18:49:17 INFO]: [3m[38;5;7m[bot: Gamerule doDaylightCycle is now set to: false][0m
[18:49:17 INFO]: bot issued server command: /pause
[18:49:18 INFO]: bot issued server command: /pause
[18:49:19 INFO]: [DriftSystem] [PayloadExecutorV1] done build_id=resource_park_bot_1787654959162 executed=759 failed=0 queue_depth=0
[18:49:19 WARN]: [DriftSystem] [PayloadExecutorV1] report failed build_id=resource_park_bot_1787654959162: Failed to connect to /127.0.0.1:8010
[18:49:20 INFO]: bot issued server command: /gamerule doTileDrops false
[18:49:20 INFO]: [3m[38;5;7m[bot: Gamerule doTileDrops is now set to: false][0m
[18:49:20 INFO]: bot issued server command: /setblock 2 111 2 air destroy
[18:49:20 INFO]: [3m[38;5;7m[bot: Changed the block at 2, 111, 2][0m
[18:49:20 INFO]: bot issued server command: /give @s crafting_table
[18:49:20 INFO]: [3m[38;5;7m[bot: Gave 1 [38;5;15m[Crafting Table][38;5;7m to bot][0m
[18:49:20 INFO]: bot issued server command: /setblock 3 111 -3 air destroy
[18:49:20 INFO]: [3m[38;5;7m[bot: Changed the block at 3, 111, -3][0m
[18:49:20 INFO]: bot issued server command: /give @s furnace
[18:49:20 INFO]: [3m[38;5;7m[bot: Gave 1 [38;5;15m[Furnace][38;5;7m to bot][0m
[18:49:20 INFO]: bot issued server command: /gamerule doTileDrops true
[18:49:20 INFO]: [3m[38;5;7m[bot: Gamerule doTileDrops is now set to: true][0m
[18:49:21 INFO]: bot issued server command: /pause
[18:49:26 INFO]: bot issued server command: /pause
[18:49:27 INFO]: bot lost connection: Disconnected
[18:49:27 INFO]: [38;5;11mbot left the game[0m
[18:49:28 INFO]: UUID of player bot is 67128b5b-2e6b-3ad1-baa0-1b937b03e5c5
[18:49:28 INFO]: [DriftSystem] [教学] 老玩家加入: bot
[18:49:28 INFO]: [38;5;11mbot joined the game[0m
[18:49:28 INFO]: bot[/[0:0:0:0:0:0:0:1]:52543] logged in with entity id 941 at ([world]8.5, 124.0, -5.5)
[18:49:30 INFO]: bot issued server command: /gamerule keepInventory true
[18:49:30 INFO]: [3m[38;5;7m[bot: Gamerule keepInventory is now set to: true][0m
[18:49:30 INFO]: bot issued server command: /gamerule doDaylightCycle false
[18:49:30 INFO]: [3m[38;5;7m[bot: Gamerule doDaylightCycle is now set to: false][0m
[18:49:30 INFO]: bot issued server command: /pause
[18:49:31 INFO]: bot issued server command: /pause
[18:49:32 INFO]: [DriftSystem] [PayloadExecutorV1] done build_id=resource_park_bot_1787654971962 executed=759 failed=0 queue_depth=0
[18:49:32 WARN]: [DriftSystem] [PayloadExecutorV1] report failed build_id=resource_park_bot_1787654971962: Failed to connect to /127.0.0.1:8010
[18:49:33 INFO]: bot issued server command: /time set 17000
[18:49:33 INFO]: [3m[38;5;7m[bot: Set the time to 17000][0m
[18:49:33 INFO]: bot issued server command: /difficulty peaceful
[18:49:33 INFO]: bot issued server command: /gamerule doTileDrops false
[18:49:33 INFO]: [3m[38;5;7m[bot: Gamerule doTileDrops is now set to: false][0m
[18:49:33 INFO]: bot issued server command: /setblock 2 111 2 air destroy
[18:49:33 INFO]: [3m[38;5;7m[bot: Changed the block at 2, 111, 2][0m
[18:49:33 INFO]: bot issued server command: /give @s crafting_table
[18:49:33 INFO]: [3m[38;5;7m[bot: Gave 1 [38;5;15m[Crafting Table][38;5;7m to bot][0m
[18:49:33 INFO]: bot issued server command: /setblock 3 111 -3 air destroy
[18:49:33 INFO]: [3m[38;5;7m[bot: Changed the block at 3, 111, -3][0m
[18:49:33 INFO]: bot issued server command: /give @s furnace
[18:49:33 INFO]: [3m[38;5;7m[bot: Gave 1 [38;5;15m[Furnace][38;5;7m to bot][0m
[18:49:33 INFO]: bot issued server command: /gamerule doTileDrops true
[18:49:33 INFO]: [3m[38;5;7m[bot: Gamerule doTileDrops is now set to: true][0m
[18:49:34 INFO]: bot issued server command: /pause
[18:49:39 INFO]: bot issued server command: /pause
[18:49:40 INFO]: bot lost connection: Disconnected
[18:49:40 INFO]: [38;5;11mbot left the game[0m
[18:49:42 INFO]: UUID of player bot is 67128b5b-2e6b-3ad1-baa0-1b937b03e5c5
[18:49:42 INFO]: [DriftSystem] [教学] 老玩家加入: bot
[18:49:42 INFO]: [38;5;11mbot joined the game[0m
[18:49:42 INFO]: bot[/[0:0:0:0:0:0:0:1]:52578] logged in with entity id 957 at ([world]8.5, 124.0, -5.5)
[18:49:43 INFO]: bot issued server command: /gamerule keepInventory true
[18:49:43 INFO]: [3m[38;5;7m[bot: Gamerule keepInventory is now set to: true][0m
[18:49:43 INFO]: bot issued server command: /gamerule doDaylightCycle false
[18:49:43 INFO]: [3m[38;5;7m[bot: Gamerule doDaylightCycle is now set to: false][0m
[18:49:43 INFO]: bot issued server command: /pause
[18:49:44 INFO]: bot issued server command: /pause
[18:49:45 INFO]: [DriftSystem] [PayloadExecutorV1] done build_id=resource_park_bot_1787654985412 executed=759 failed=0 queue_depth=0
[18:49:45 WARN]: [DriftSystem] [PayloadExecutorV1] report failed build_id=resource_park_bot_1787654985412: Failed to connect to /127.0.0.1:8010
[18:49:46 INFO]: bot issued server command: /gamerule doTileDrops false
[18:49:46 INFO]: [3m[38;5;7m[bot: Gamerule doTileDrops is now set to: false][0m
[18:49:46 INFO]: bot issued server command: /setblock 2 111 2 air destroy
[18:49:46 INFO]: [3m[38;5;7m[bot: Changed the block at 2, 111, 2][0m
[18:49:46 INFO]: bot issued server command: /give @s crafting_table
[18:49:46 INFO]: [3m[38;5;7m[bot: Gave 1 [38;5;15m[Crafting Table][38;5;7m to bot][0m
[18:49:46 INFO]: bot issued server command: /setblock 3 111 -3 air destroy
[18:49:46 INFO]: [3m[38;5;7m[bot: Changed the block at 3, 111, -3][0m
[18:49:46 INFO]: bot issued server command: /give @s furnace
[18:49:46 INFO]: [3m[38;5;7m[bot: Gave 1 [38;5;15m[Furnace][38;5;7m to bot][0m
[18:49:46 INFO]: bot issued server command: /gamerule doTileDrops true
[18:49:46 INFO]: [3m[38;5;7m[bot: Gamerule doTileDrops is now set to: true][0m
[18:49:47 INFO]: bot issued server command: /pause
[18:49:48 INFO]: bot issued server command: /pause
[18:49:49 INFO]: bot lost connection: Disconnected
[18:49:49 INFO]: [38;5;11mbot left the game[0m
[18:49:51 INFO]: UUID of player bot is 67128b5b-2e6b-3ad1-baa0-1b937b03e5c5
[18:49:51 INFO]: [DriftSystem] [教学] 老玩家加入: bot
[18:49:51 INFO]: [38;5;11mbot joined the game[0m
[18:49:51 INFO]: bot[/[0:0:0:0:0:0:0:1]:52607] logged in with entity id 964 at ([world]8.5, 124.0, -5.5)
[18:49:52 INFO]: bot issued server command: /gamerule keepInventory true
[18:49:52 INFO]: [3m[38;5;7m[bot: Gamerule keepInventory is now set to: true][0m
[18:49:52 INFO]: bot issued server command: /gamerule doDaylightCycle false
[18:49:52 INFO]: [3m[38;5;7m[bot: Gamerule doDaylightCycle is now set to: false][0m
[18:49:52 INFO]: bot issued server command: /pause
[18:49:53 INFO]: bot issued server command: /pause
[18:49:54 INFO]: [DriftSystem] [PayloadExecutorV1] done build_id=resource_park_bot_1787654994112 executed=759 failed=0 queue_depth=0
[18:49:54 WARN]: [DriftSystem] [PayloadExecutorV1] report failed build_id=resource_park_bot_1787654994112: Failed to connect to /127.0.0.1:8010
[18:49:55 INFO]: bot issued server command: /time set 19000
[18:49:55 INFO]: [3m[38;5;7m[bot: Set the time to 19000][0m
[18:49:55 INFO]: bot issued server command: /difficulty peaceful
[18:49:55 INFO]: bot issued server command: /gamerule doTileDrops false
[18:49:55 INFO]: [3m[38;5;7m[bot: Gamerule doTileDrops is now set to: false][0m
[18:49:55 INFO]: bot issued server command: /setblock 2 111 2 air destroy
[18:49:55 INFO]: [3m[38;5;7m[bot: Changed the block at 2, 111, 2][0m
[18:49:55 INFO]: bot issued server command: /give @s crafting_table
[18:49:55 INFO]: [3m[38;5;7m[bot: Gave 1 [38;5;15m[Crafting Table][38;5;7m to bot][0m
[18:49:55 INFO]: bot issued server command: /setblock 3 111 -3 air destroy
[18:49:55 INFO]: [3m[38;5;7m[bot: Changed the block at 3, 111, -3][0m
[18:49:55 INFO]: bot issued server command: /give @s furnace
[18:49:55 INFO]: [3m[38;5;7m[bot: Gave 1 [38;5;15m[Furnace][38;5;7m to bot][0m
[18:49:55 INFO]: bot issued server command: /gamerule doTileDrops true
[18:49:55 INFO]: [3m[38;5;7m[bot: Gamerule doTileDrops is now set to: true][0m
[18:49:56 INFO]: bot issued server command: /pause
[18:50:05 INFO]: bot issued server command: /pause
[18:50:06 INFO]: bot lost connection: Disconnected
[18:50:06 INFO]: [38;5;11mbot left the game[0m
[18:50:08 INFO]: UUID of player bot is 67128b5b-2e6b-3ad1-baa0-1b937b03e5c5
[18:50:08 INFO]: [DriftSystem] [教学] 老玩家加入: bot
[18:50:08 INFO]: [38;5;11mbot joined the game[0m
[18:50:08 INFO]: bot[/[0:0:0:0:0:0:0:1]:52626] logged in with entity id 977 at ([world]8.5, 124.0, -5.5)
[18:50:09 INFO]: bot issued server command: /gamerule keepInventory true
[18:50:09 INFO]: [3m[38;5;7m[bot: Gamerule keepInventory is now set to: true][0m
[18:50:09 INFO]: bot issued server command: /gamerule doDaylightCycle false
[18:50:09 INFO]: [3m[38;5;7m[bot: Gamerule doDaylightCycle is now set to: false][0m
[18:50:09 INFO]: bot issued server command: /pause
[18:50:10 INFO]: bot issued server command: /pause
[18:50:11 INFO]: [DriftSystem] [PayloadExecutorV1] done build_id=resource_park_bot_1787655011062 executed=759 failed=0 queue_depth=0
[18:50:11 WARN]: [DriftSystem] [PayloadExecutorV1] report failed build_id=resource_park_bot_1787655011062: Failed to connect to /127.0.0.1:8010
[18:50:12 INFO]: bot issued server command: /gamerule doTileDrops false
[18:50:12 INFO]: [3m[38;5;7m[bot: Gamerule doTileDrops is now set to: false][0m
[18:50:12 INFO]: bot issued server command: /setblock 2 111 2 air destroy
[18:50:12 INFO]: [3m[38;5;7m[bot: Changed the block at 2, 111, 2][0m
[18:50:12 INFO]: bot issued server command: /give @s crafting_table
[18:50:12 INFO]: [3m[38;5;7m[bot: Gave 1 [38;5;15m[Crafting Table][38;5;7m to bot][0m
[18:50:12 INFO]: bot issued server command: /setblock 3 111 -3 air destroy
[18:50:12 INFO]: [3m[38;5;7m[bot: Changed the block at 3, 111, -3][0m
[18:50:12 INFO]: bot issued server command: /give @s furnace
[18:50:12 INFO]: [3m[38;5;7m[bot: Gave 1 [38;5;15m[Furnace][38;5;7m to bot][0m
[18:50:12 INFO]: bot issued server command: /gamerule doTileDrops true
[18:50:12 INFO]: [3m[38;5;7m[bot: Gamerule doTileDrops is now set to: true][0m
[18:50:13 INFO]: bot issued server command: /pause
[18:50:18 INFO]: bot issued server command: /pause
[18:50:19 INFO]: bot lost connection: Disconnected
[18:50:19 INFO]: [38;5;11mbot left the game[0m
[18:50:20 INFO]: UUID of player bot is 67128b5b-2e6b-3ad1-baa0-1b937b03e5c5
[18:50:20 INFO]: [DriftSystem] [教学] 老玩家加入: bot
[18:50:20 INFO]: [38;5;11mbot joined the game[0m
[18:50:20 INFO]: bot[/[0:0:0:0:0:0:0:1]:52650] logged in with entity id 987 at ([world]8.5, 124.0, -5.5)
[18:50:21 INFO]: bot issued server command: /gamerule keepInventory true
[18:50:21 INFO]: [3m[38;5;7m[bot: Gamerule keepInventory is now set to: true][0m
[18:50:21 INFO]: bot issued server command: /gamerule doDaylightCycle false
[18:50:21 INFO]: [3m[38;5;7m[bot: Gamerule doDaylightCycle is now set to: false][0m
[18:50:21 INFO]: bot issued server command: /pause
[18:50:22 INFO]: bot issued server command: /pause
[18:50:24 INFO]: [DriftSystem] [PayloadExecutorV1] done build_id=resource_park_bot_1787655023813 executed=759 failed=0 queue_depth=0
[18:50:24 WARN]: [DriftSystem] [PayloadExecutorV1] report failed build_id=resource_park_bot_1787655023813: Failed to connect to /127.0.0.1:8010
[18:50:24 INFO]: bot issued server command: /time set 21000
[18:50:24 INFO]: [3m[38;5;7m[bot: Set the time to 21000][0m
[18:50:24 INFO]: bot issued server command: /difficulty peaceful
[18:50:24 INFO]: bot issued server command: /gamerule doTileDrops false
[18:50:24 INFO]: [3m[38;5;7m[bot: Gamerule doTileDrops is now set to: false][0m
[18:50:24 INFO]: bot issued server command: /setblock 2 111 2 air destroy
[18:50:24 INFO]: [3m[38;5;7m[bot: Changed the block at 2, 111, 2][0m
[18:50:24 INFO]: bot issued server command: /give @s crafting_table
[18:50:24 INFO]: [3m[38;5;7m[bot: Gave 1 [38;5;15m[Crafting Table][38;5;7m to bot][0m
[18:50:24 INFO]: bot issued server command: /setblock 3 111 -3 air destroy
[18:50:24 INFO]: [3m[38;5;7m[bot: Changed the block at 3, 111, -3][0m
[18:50:24 INFO]: bot issued server command: /give @s furnace
[18:50:24 INFO]: [3m[38;5;7m[bot: Gave 1 [38;5;15m[Furnace][38;5;7m to bot][0m
[18:50:24 INFO]: bot issued server command: /gamerule doTileDrops true
[18:50:24 INFO]: [3m[38;5;7m[bot: Gamerule doTileDrops is now set to: true][0m
[18:50:25 INFO]: bot issued server command: /pause
[18:50:32 INFO]: bot issued server command: /pause
[18:50:33 INFO]: bot lost connection: Disconnected
[18:50:33 INFO]: [38;5;11mbot left the game[0m
[18:50:34 INFO]: UUID of player bot is 67128b5b-2e6b-3ad1-baa0-1b937b03e5c5
[18:50:34 INFO]: [DriftSystem] [教学] 老玩家加入: bot
[18:50:34 INFO]: [38;5;11mbot joined the game[0m
[18:50:34 INFO]: bot[/[0:0:0:0:0:0:0:1]:52672] logged in with entity id 996 at ([world]8.5, 124.0, -5.5)
[18:50:35 INFO]: bot issued server command: /gamerule keepInventory true
[18:50:35 INFO]: [3m[38;5;7m[bot: Gamerule keepInventory is now set to: true][0m
[18:50:35 INFO]: bot issued server command: /gamerule doDaylightCycle false
[18:50:35 INFO]: [3m[38;5;7m[bot: Gamerule doDaylightCycle is now set to: false][0m
[18:50:35 INFO]: bot issued server command: /pause
[18:50:36 INFO]: bot issued server command: /pause
[18:50:38 INFO]: [DriftSystem] [PayloadExecutorV1] done build_id=resource_park_bot_1787655037763 executed=759 failed=0 queue_depth=0
[18:50:38 WARN]: [DriftSystem] [PayloadExecutorV1] report failed build_id=resource_park_bot_1787655037763: Failed to connect to /127.0.0.1:8010
[18:50:38 INFO]: bot issued server command: /gamerule doTileDrops false
[18:50:38 INFO]: [3m[38;5;7m[bot: Gamerule doTileDrops is now set to: false][0m
[18:50:38 INFO]: bot issued server command: /setblock 2 111 2 air destroy
[18:50:38 INFO]: [3m[38;5;7m[bot: Changed the block at 2, 111, 2][0m
[18:50:38 INFO]: bot issued server command: /give @s crafting_table
[18:50:38 INFO]: [3m[38;5;7m[bot: Gave 1 [38;5;15m[Crafting Table][38;5;7m to bot][0m
[18:50:38 INFO]: bot issued server command: /setblock 3 111 -3 air destroy
[18:50:38 INFO]: [3m[38;5;7m[bot: Changed the block at 3, 111, -3][0m
[18:50:38 INFO]: bot issued server command: /give @s furnace
[18:50:38 INFO]: [3m[38;5;7m[bot: Gave 1 [38;5;15m[Furnace][38;5;7m to bot][0m
[18:50:38 INFO]: bot issued server command: /gamerule doTileDrops true
[18:50:38 INFO]: [3m[38;5;7m[bot: Gamerule doTileDrops is now set to: true][0m
[18:50:39 INFO]: bot issued server command: /pause
[18:50:40 INFO]: bot issued server command: /pause
[18:50:41 INFO]: bot lost connection: Disconnected
[18:50:41 INFO]: [38;5;11mbot left the game[0m
[18:50:43 INFO]: UUID of player bot is 67128b5b-2e6b-3ad1-baa0-1b937b03e5c5
[18:50:43 INFO]: [DriftSystem] [教学] 老玩家加入: bot
[18:50:43 INFO]: [38;5;11mbot joined the game[0m
[18:50:43 INFO]: bot[/[0:0:0:0:0:0:0:1]:52692] logged in with entity id 1001 at ([world]8.5, 124.0, -5.5)
[18:50:44 INFO]: bot issued server command: /gamerule keepInventory true
[18:50:44 INFO]: [3m[38;5;7m[bot: Gamerule keepInventory is now set to: true][0m
[18:50:44 INFO]: bot issued server command: /gamerule doDaylightCycle false
[18:50:44 INFO]: [3m[38;5;7m[bot: Gamerule doDaylightCycle is now set to: false][0m
[18:50:44 INFO]: bot issued server command: /pause
[18:50:45 INFO]: bot issued server command: /pause
[18:50:46 INFO]: [DriftSystem] [PayloadExecutorV1] done build_id=resource_park_bot_1787655046413 executed=759 failed=0 queue_depth=0
[18:50:46 WARN]: [DriftSystem] [PayloadExecutorV1] report failed build_id=resource_park_bot_1787655046413: Failed to connect to /127.0.0.1:8010
[18:50:47 INFO]: bot issued server command: /time set 23000
[18:50:47 INFO]: [3m[38;5;7m[bot: Set the time to 23000][0m
[18:50:47 INFO]: bot issued server command: /difficulty peaceful
[18:50:47 INFO]: bot issued server command: /gamerule doTileDrops false
[18:50:47 INFO]: [3m[38;5;7m[bot: Gamerule doTileDrops is now set to: false][0m
[18:50:47 INFO]: bot issued server command: /setblock 2 111 2 air destroy
[18:50:47 INFO]: [3m[38;5;7m[bot: Changed the block at 2, 111, 2][0m
[18:50:47 INFO]: bot issued server command: /give @s crafting_table
[18:50:47 INFO]: [3m[38;5;7m[bot: Gave 1 [38;5;15m[Crafting Table][38;5;7m to bot][0m
[18:50:47 INFO]: bot issued server command: /setblock 3 111 -3 air destroy
[18:50:47 INFO]: [3m[38;5;7m[bot: Changed the block at 3, 111, -3][0m
[18:50:47 INFO]: bot issued server command: /give @s furnace
[18:50:47 INFO]: [3m[38;5;7m[bot: Gave 1 [38;5;15m[Furnace][38;5;7m to bot][0m
[18:50:47 INFO]: bot issued server command: /gamerule doTileDrops true
[18:50:47 INFO]: [3m[38;5;7m[bot: Gamerule doTileDrops is now set to: true][0m
[18:50:48 INFO]: bot issued server command: /pause
[18:50:57 INFO]: bot issued server command: /pause
[18:50:58 INFO]: bot lost connection: Disconnected
[18:50:58 INFO]: [38;5;11mbot left the game[0m
[18:51:00 INFO]: UUID of player bot is 67128b5b-2e6b-3ad1-baa0-1b937b03e5c5
[18:51:00 INFO]: [DriftSystem] [教学] 老玩家加入: bot
[18:51:00 INFO]: [38;5;11mbot joined the game[0m
[18:51:00 INFO]: bot[/[0:0:0:0:0:0:0:1]:52733] logged in with entity id 1009 at ([world]8.5, 124.0, -5.5)
[18:51:01 INFO]: bot issued server command: /gamerule keepInventory true
[18:51:01 INFO]: [3m[38;5;7m[bot: Gamerule keepInventory is now set to: true][0m
[18:51:01 INFO]: bot issued server command: /gamerule doDaylightCycle false
[18:51:01 INFO]: [3m[38;5;7m[bot: Gamerule doDaylightCycle is now set to: false][0m
[18:51:01 INFO]: bot issued server command: /pause
[18:51:02 INFO]: bot issued server command: /pause
[18:51:03 INFO]: [DriftSystem] [PayloadExecutorV1] done build_id=resource_park_bot_1787655063213 executed=759 failed=0 queue_depth=0
[18:51:03 WARN]: [DriftSystem] [PayloadExecutorV1] report failed build_id=resource_park_bot_1787655063213: Failed to connect to /127.0.0.1:8010
[18:51:04 INFO]: bot issued server command: /gamerule doTileDrops false
[18:51:04 INFO]: [3m[38;5;7m[bot: Gamerule doTileDrops is now set to: false][0m
[18:51:04 INFO]: bot issued server command: /setblock 2 111 2 air destroy
[18:51:04 INFO]: [3m[38;5;7m[bot: Changed the block at 2, 111, 2][0m
[18:51:04 INFO]: bot issued server command: /give @s crafting_table
[18:51:04 INFO]: [3m[38;5;7m[bot: Gave 1 [38;5;15m[Crafting Table][38;5;7m to bot][0m
[18:51:04 INFO]: bot issued server command: /setblock 3 111 -3 air destroy
[18:51:04 INFO]: [3m[38;5;7m[bot: Changed the block at 3, 111, -3][0m
[18:51:04 INFO]: bot issued server command: /give @s furnace
[18:51:04 INFO]: [3m[38;5;7m[bot: Gave 1 [38;5;15m[Furnace][38;5;7m to bot][0m
[18:51:04 INFO]: bot issued server command: /gamerule doTileDrops true
[18:51:04 INFO]: [3m[38;5;7m[bot: Gamerule doTileDrops is now set to: true][0m
[18:51:05 INFO]: bot issued server command: /pause
[18:51:10 INFO]: bot issued server command: /pause
[18:51:11 INFO]: bot lost connection: Disconnected
[18:51:11 INFO]: [38;5;11mbot left the game[0m
[18:51:13 INFO]: UUID of player bot is 67128b5b-2e6b-3ad1-baa0-1b937b03e5c5
[18:51:13 INFO]: [DriftSystem] [教学] 老玩家加入: bot
[18:51:13 INFO]: [38;5;11mbot joined the game[0m
[18:51:13 INFO]: bot[/[0:0:0:0:0:0:0:1]:52761] logged in with entity id 1020 at ([world]8.5, 124.0, -5.5)
[18:51:14 INFO]: bot issued server command: /gamerule keepInventory true
[18:51:14 INFO]: [3m[38;5;7m[bot: Gamerule keepInventory is now set to: true][0m
[18:51:14 INFO]: bot issued server command: /gamerule doDaylightCycle false
[18:51:14 INFO]: [3m[38;5;7m[bot: Gamerule doDaylightCycle is now set to: false][0m
[18:51:14 INFO]: bot issued server command: /pause
[18:51:15 INFO]: bot issued server command: /pause
[18:51:16 INFO]: [DriftSystem] [PayloadExecutorV1] done build_id=resource_park_bot_1787655076113 executed=759 failed=0 queue_depth=0
[18:51:16 WARN]: [DriftSystem] [PayloadExecutorV1] report failed build_id=resource_park_bot_1787655076113: Failed to connect to /127.0.0.1:8010
[18:51:17 INFO]: bot issued server command: /time set 1000
[18:51:17 INFO]: [3m[38;5;7m[bot: Set the time to 1000][0m
[18:51:17 INFO]: bot issued server command: /difficulty peaceful
[18:51:17 INFO]: bot issued server command: /gamerule doTileDrops false
[18:51:17 INFO]: [3m[38;5;7m[bot: Gamerule doTileDrops is now set to: false][0m
[18:51:17 INFO]: bot issued server command: /setblock 2 111 2 air destroy
[18:51:17 INFO]: [3m[38;5;7m[bot: Changed the block at 2, 111, 2][0m
[18:51:17 INFO]: bot issued server command: /give @s crafting_table
[18:51:17 INFO]: [3m[38;5;7m[bot: Gave 1 [38;5;15m[Crafting Table][38;5;7m to bot][0m
[18:51:17 INFO]: bot issued server command: /setblock 3 111 -3 air destroy
[18:51:17 INFO]: [3m[38;5;7m[bot: Changed the block at 3, 111, -3][0m
[18:51:17 INFO]: bot issued server command: /give @s furnace
[18:51:17 INFO]: [3m[38;5;7m[bot: Gave 1 [38;5;15m[Furnace][38;5;7m to bot][0m
[18:51:17 INFO]: bot issued server command: /gamerule doTileDrops true
[18:51:17 INFO]: [3m[38;5;7m[bot: Gamerule doTileDrops is now set to: true][0m
[18:51:18 INFO]: bot issued server command: /pause
[18:51:24 INFO]: bot issued server command: /pause
[18:51:25 INFO]: bot lost connection: Disconnected
[18:51:25 INFO]: [38;5;11mbot left the game[0m
[18:51:27 INFO]: UUID of player bot is 67128b5b-2e6b-3ad1-baa0-1b937b03e5c5
[18:51:27 INFO]: [DriftSystem] [教学] 老玩家加入: bot
[18:51:27 INFO]: [38;5;11mbot joined the game[0m
[18:51:27 INFO]: bot[/[0:0:0:0:0:0:0:1]:52804] logged in with entity id 1034 at ([world]8.5, 124.0, -5.5)
[18:51:28 INFO]: bot issued server command: /gamerule keepInventory true
[18:51:28 INFO]: [3m[38;5;7m[bot: Gamerule keepInventory is now set to: true][0m
[18:51:28 INFO]: bot issued server command: /gamerule doDaylightCycle false
[18:51:28 INFO]: [3m[38;5;7m[bot: Gamerule doDaylightCycle is now set to: false][0m
[18:51:28 INFO]: bot issued server command: /pause
[18:51:29 INFO]: bot issued server command: /pause
[18:51:30 INFO]: [DriftSystem] [PayloadExecutorV1] done build_id=resource_park_bot_1787655090163 executed=759 failed=0 queue_depth=0
[18:51:30 WARN]: [DriftSystem] [PayloadExecutorV1] report failed build_id=resource_park_bot_1787655090163: Failed to connect to /127.0.0.1:8010
[18:51:31 INFO]: bot issued server command: /gamerule doTileDrops false
[18:51:31 INFO]: [3m[38;5;7m[bot: Gamerule doTileDrops is now set to: false][0m
[18:51:31 INFO]: bot issued server command: /setblock 2 111 2 air destroy
[18:51:31 INFO]: [3m[38;5;7m[bot: Changed the block at 2, 111, 2][0m
[18:51:31 INFO]: bot issued server command: /give @s crafting_table
[18:51:31 INFO]: [3m[38;5;7m[bot: Gave 1 [38;5;15m[Crafting Table][38;5;7m to bot][0m
[18:51:31 INFO]: bot issued server command: /setblock 3 111 -3 air destroy
[18:51:31 INFO]: [3m[38;5;7m[bot: Changed the block at 3, 111, -3][0m
[18:51:31 INFO]: bot issued server command: /give @s furnace
[18:51:31 INFO]: [3m[38;5;7m[bot: Gave 1 [38;5;15m[Furnace][38;5;7m to bot][0m
[18:51:31 INFO]: bot issued server command: /gamerule doTileDrops true
[18:51:31 INFO]: [3m[38;5;7m[bot: Gamerule doTileDrops is now set to: true][0m
[18:51:32 INFO]: bot issued server command: /pause
[18:51:33 INFO]: bot issued server command: /pause
[18:51:34 INFO]: bot lost connection: Disconnected
[18:51:34 INFO]: [38;5;11mbot left the game[0m
[18:51:35 INFO]: UUID of player bot is 67128b5b-2e6b-3ad1-baa0-1b937b03e5c5
[18:51:35 INFO]: [DriftSystem] [教学] 老玩家加入: bot
[18:51:35 INFO]: [38;5;11mbot joined the game[0m
[18:51:35 INFO]: bot[/[0:0:0:0:0:0:0:1]:52831] logged in with entity id 1040 at ([world]8.5, 124.0, -5.5)
[18:51:37 INFO]: bot issued server command: /gamerule keepInventory true
[18:51:37 INFO]: [3m[38;5;7m[bot: Gamerule keepInventory is now set to: true][0m
[18:51:37 INFO]: bot issued server command: /gamerule doDaylightCycle false
[18:51:37 INFO]: [3m[38;5;7m[bot: Gamerule doDaylightCycle is now set to: false][0m
[18:51:37 INFO]: bot issued server command: /pause
[18:51:38 INFO]: bot issued server command: /pause
[18:51:39 INFO]: [DriftSystem] [PayloadExecutorV1] done build_id=resource_park_bot_1787655098863 executed=759 failed=0 queue_depth=0
[18:51:39 WARN]: [DriftSystem] [PayloadExecutorV1] report failed build_id=resource_park_bot_1787655098863: Failed to connect to /127.0.0.1:8010
[18:51:40 INFO]: bot issued server command: /time set 2000
[18:51:40 INFO]: [3m[38;5;7m[bot: Set the time to 2000][0m
[18:51:40 INFO]: bot issued server command: /difficulty peaceful
[18:51:40 INFO]: bot issued server command: /gamerule doTileDrops false
[18:51:40 INFO]: [3m[38;5;7m[bot: Gamerule doTileDrops is now set to: false][0m
[18:51:40 INFO]: bot issued server command: /setblock 2 111 2 air destroy
[18:51:40 INFO]: [3m[38;5;7m[bot: Changed the block at 2, 111, 2][0m
[18:51:40 INFO]: bot issued server command: /give @s crafting_table
[18:51:40 INFO]: [3m[38;5;7m[bot: Gave 1 [38;5;15m[Crafting Table][38;5;7m to bot][0m
[18:51:40 INFO]: bot issued server command: /setblock 3 111 -3 air destroy
[18:51:40 INFO]: [3m[38;5;7m[bot: Changed the block at 3, 111, -3][0m
[18:51:40 INFO]: bot issued server command: /give @s furnace
[18:51:40 INFO]: [3m[38;5;7m[bot: Gave 1 [38;5;15m[Furnace][38;5;7m to bot][0m
[18:51:40 INFO]: bot issued server command: /gamerule doTileDrops true
[18:51:40 INFO]: [3m[38;5;7m[bot: Gamerule doTileDrops is now set to: true][0m
[18:51:41 INFO]: bot issued server command: /pause
[18:51:50 INFO]: bot issued server command: /pause
[18:51:51 INFO]: bot lost connection: Disconnected
[18:51:51 INFO]: [38;5;11mbot left the game[0m
[18:51:52 INFO]: UUID of player bot is 67128b5b-2e6b-3ad1-baa0-1b937b03e5c5
[18:51:52 INFO]: [DriftSystem] [教学] 老玩家加入: bot
[18:51:52 INFO]: [38;5;11mbot joined the game[0m
[18:51:52 INFO]: bot[/[0:0:0:0:0:0:0:1]:52865] logged in with entity id 1052 at ([world]8.5, 124.0, -5.5)
[18:51:53 INFO]: bot issued server command: /gamerule keepInventory true
[18:51:53 INFO]: [3m[38;5;7m[bot: Gamerule keepInventory is now set to: true][0m
[18:51:53 INFO]: bot issued server command: /gamerule doDaylightCycle false
[18:51:53 INFO]: [3m[38;5;7m[bot: Gamerule doDaylightCycle is now set to: false][0m
[18:51:53 INFO]: bot issued server command: /pause
[18:51:54 INFO]: bot issued server command: /pause
[18:51:56 INFO]: [DriftSystem] [PayloadExecutorV1] done build_id=resource_park_bot_1787655115813 executed=759 failed=0 queue_depth=0
[18:51:56 WARN]: [DriftSystem] [PayloadExecutorV1] report failed build_id=resource_park_bot_1787655115813: Failed to connect to /127.0.0.1:8010
[18:51:56 INFO]: bot issued server command: /gamerule doTileDrops false
[18:51:56 INFO]: [3m[38;5;7m[bot: Gamerule doTileDrops is now set to: false][0m
[18:51:56 INFO]: bot issued server command: /setblock 2 111 2 air destroy
[18:51:56 INFO]: [3m[38;5;7m[bot: Changed the block at 2, 111, 2][0m
[18:51:56 INFO]: bot issued server command: /give @s crafting_table
[18:51:56 INFO]: [3m[38;5;7m[bot: Gave 1 [38;5;15m[Crafting Table][38;5;7m to bot][0m
[18:51:56 INFO]: bot issued server command: /setblock 3 111 -3 air destroy
[18:51:56 INFO]: [3m[38;5;7m[bot: Changed the block at 3, 111, -3][0m
[18:51:56 INFO]: bot issued server command: /give @s furnace
[18:51:56 INFO]: [3m[38;5;7m[bot: Gave 1 [38;5;15m[Furnace][38;5;7m to bot][0m
[18:51:56 INFO]: bot issued server command: /gamerule doTileDrops true
[18:51:56 INFO]: [3m[38;5;7m[bot: Gamerule doTileDrops is now set to: true][0m
[18:51:57 INFO]: bot issued server command: /pause
[18:52:02 INFO]: bot issued server command: /pause
[18:52:03 INFO]: bot lost connection: Disconnected
[18:52:03 INFO]: [38;5;11mbot left the game[0m
[18:52:05 INFO]: UUID of player bot is 67128b5b-2e6b-3ad1-baa0-1b937b03e5c5
[18:52:05 INFO]: [DriftSystem] [教学] 老玩家加入: bot
[18:52:05 INFO]: [38;5;11mbot joined the game[0m
[18:52:05 INFO]: bot[/[0:0:0:0:0:0:0:1]:52904] logged in with entity id 1063 at ([world]8.5, 124.0, -5.5)
[18:52:06 INFO]: bot issued server command: /gamerule keepInventory true
[18:52:06 INFO]: [3m[38;5;7m[bot: Gamerule keepInventory is now set to: true][0m
[18:52:06 INFO]: bot issued server command: /gamerule doDaylightCycle false
[18:52:06 INFO]: [3m[38;5;7m[bot: Gamerule doDaylightCycle is now set to: false][0m
[18:52:06 INFO]: bot issued server command: /pause
[18:52:07 INFO]: bot issued server command: /pause
[18:52:08 INFO]: [DriftSystem] [PayloadExecutorV1] done build_id=resource_park_bot_1787655128163 executed=759 failed=0 queue_depth=0
[18:52:08 WARN]: [DriftSystem] [PayloadExecutorV1] report failed build_id=resource_park_bot_1787655128163: Failed to connect to /127.0.0.1:8010
[18:52:09 INFO]: bot issued server command: /time set 3000
[18:52:09 INFO]: [3m[38;5;7m[bot: Set the time to 3000][0m
[18:52:09 INFO]: bot issued server command: /difficulty peaceful
[18:52:09 INFO]: bot issued server command: /gamerule doTileDrops false
[18:52:09 INFO]: [3m[38;5;7m[bot: Gamerule doTileDrops is now set to: false][0m
[18:52:09 INFO]: bot issued server command: /setblock 2 111 2 air destroy
[18:52:09 INFO]: [3m[38;5;7m[bot: Changed the block at 2, 111, 2][0m
[18:52:09 INFO]: bot issued server command: /give @s crafting_table
[18:52:09 INFO]: [3m[38;5;7m[bot: Gave 1 [38;5;15m[Crafting Table][38;5;7m to bot][0m
[18:52:09 INFO]: bot issued server command: /setblock 3 111 -3 air destroy
[18:52:09 INFO]: [3m[38;5;7m[bot: Changed the block at 3, 111, -3][0m
[18:52:09 INFO]: bot issued server command: /give @s furnace
[18:52:09 INFO]: [3m[38;5;7m[bot: Gave 1 [38;5;15m[Furnace][38;5;7m to bot][0m
[18:52:09 INFO]: bot issued server command: /gamerule doTileDrops true
[18:52:09 INFO]: [3m[38;5;7m[bot: Gamerule doTileDrops is now set to: true][0m
[18:52:10 INFO]: bot issued server command: /pause
[18:52:16 INFO]: bot issued server command: /pause
[18:52:17 INFO]: bot lost connection: Disconnected
[18:52:17 INFO]: [38;5;11mbot left the game[0m
[18:52:18 INFO]: UUID of player bot is 67128b5b-2e6b-3ad1-baa0-1b937b03e5c5
[18:52:18 INFO]: [DriftSystem] [教学] 老玩家加入: bot
[18:52:18 INFO]: [38;5;11mbot joined the game[0m
[18:52:18 INFO]: bot[/[0:0:0:0:0:0:0:1]:52935] logged in with entity id 1076 at ([world]8.5, 124.0, -5.5)
[18:52:20 INFO]: bot issued server command: /gamerule keepInventory true
[18:52:20 INFO]: [3m[38;5;7m[bot: Gamerule keepInventory is now set to: true][0m
[18:52:20 INFO]: bot issued server command: /gamerule doDaylightCycle false
[18:52:20 INFO]: [3m[38;5;7m[bot: Gamerule doDaylightCycle is now set to: false][0m
[18:52:20 INFO]: bot issued server command: /pause
[18:52:21 INFO]: bot issued server command: /pause
[18:52:22 INFO]: [DriftSystem] [PayloadExecutorV1] done build_id=resource_park_bot_1787655141863 executed=759 failed=0 queue_depth=0
[18:52:22 WARN]: [DriftSystem] [PayloadExecutorV1] report failed build_id=resource_park_bot_1787655141863: Failed to connect to /127.0.0.1:8010
[18:52:23 INFO]: bot issued server command: /gamerule doTileDrops false
[18:52:23 INFO]: [3m[38;5;7m[bot: Gamerule doTileDrops is now set to: false][0m
[18:52:23 INFO]: bot issued server command: /setblock 2 111 2 air destroy
[18:52:23 INFO]: [3m[38;5;7m[bot: Changed the block at 2, 111, 2][0m
[18:52:23 INFO]: bot issued server command: /give @s crafting_table
[18:52:23 INFO]: [3m[38;5;7m[bot: Gave 1 [38;5;15m[Crafting Table][38;5;7m to bot][0m
[18:52:23 INFO]: bot issued server command: /setblock 3 111 -3 air destroy
[18:52:23 INFO]: [3m[38;5;7m[bot: Changed the block at 3, 111, -3][0m
[18:52:23 INFO]: bot issued server command: /give @s furnace
[18:52:23 INFO]: [3m[38;5;7m[bot: Gave 1 [38;5;15m[Furnace][38;5;7m to bot][0m
[18:52:23 INFO]: bot issued server command: /gamerule doTileDrops true
[18:52:23 INFO]: [3m[38;5;7m[bot: Gamerule doTileDrops is now set to: true][0m
[18:52:24 INFO]: bot issued server command: /pause
[18:52:25 INFO]: bot issued server command: /pause
[18:52:26 INFO]: bot lost connection: Disconnected
[18:52:26 INFO]: [38;5;11mbot left the game[0m
[18:52:27 INFO]: UUID of player bot is 67128b5b-2e6b-3ad1-baa0-1b937b03e5c5
[18:52:27 INFO]: [DriftSystem] [教学] 老玩家加入: bot
[18:52:27 INFO]: [38;5;11mbot joined the game[0m
[18:52:27 INFO]: bot[/[0:0:0:0:0:0:0:1]:52944] logged in with entity id 1085 at ([world]8.5, 124.0, -5.5)
[18:52:28 INFO]: bot issued server command: /gamerule keepInventory true
[18:52:28 INFO]: [3m[38;5;7m[bot: Gamerule keepInventory is now set to: true][0m
[18:52:28 INFO]: bot issued server command: /gamerule doDaylightCycle false
[18:52:28 INFO]: [3m[38;5;7m[bot: Gamerule doDaylightCycle is now set to: false][0m
[18:52:28 INFO]: bot issued server command: /pause
[18:52:29 INFO]: bot issued server command: /pause
[18:52:30 INFO]: [DriftSystem] [PayloadExecutorV1] done build_id=resource_park_bot_1787655150563 executed=759 failed=0 queue_depth=0
[18:52:30 WARN]: [DriftSystem] [PayloadExecutorV1] report failed build_id=resource_park_bot_1787655150563: Failed to connect to /127.0.0.1:8010
[18:52:31 INFO]: bot issued server command: /time set 4000
[18:52:31 INFO]: [3m[38;5;7m[bot: Set the time to 4000][0m
[18:52:31 INFO]: bot issued server command: /difficulty peaceful
[18:52:31 INFO]: bot issued server command: /gamerule doTileDrops false
[18:52:31 INFO]: [3m[38;5;7m[bot: Gamerule doTileDrops is now set to: false][0m
[18:52:31 INFO]: bot issued server command: /setblock 2 111 2 air destroy
[18:52:31 INFO]: [3m[38;5;7m[bot: Changed the block at 2, 111, 2][0m
[18:52:31 INFO]: bot issued server command: /give @s crafting_table
[18:52:31 INFO]: [3m[38;5;7m[bot: Gave 1 [38;5;15m[Crafting Table][38;5;7m to bot][0m
[18:52:31 INFO]: bot issued server command: /setblock 3 111 -3 air destroy
[18:52:31 INFO]: [3m[38;5;7m[bot: Changed the block at 3, 111, -3][0m
[18:52:31 INFO]: bot issued server command: /give @s furnace
[18:52:31 INFO]: [3m[38;5;7m[bot: Gave 1 [38;5;15m[Furnace][38;5;7m to bot][0m
[18:52:31 INFO]: bot issued server command: /gamerule doTileDrops true
[18:52:31 INFO]: [3m[38;5;7m[bot: Gamerule doTileDrops is now set to: true][0m
[18:52:32 INFO]: bot issued server command: /pause
[18:52:41 INFO]: bot issued server command: /pause
[18:52:42 INFO]: bot lost connection: Disconnected
[18:52:42 INFO]: [38;5;11mbot left the game[0m
[18:52:44 INFO]: UUID of player bot is 67128b5b-2e6b-3ad1-baa0-1b937b03e5c5
[18:52:44 INFO]: [DriftSystem] [教学] 老玩家加入: bot
[18:52:44 INFO]: [38;5;11mbot joined the game[0m
[18:52:44 INFO]: bot[/[0:0:0:0:0:0:0:1]:52971] logged in with entity id 1095 at ([world]8.5, 124.0, -5.5)
[18:52:45 INFO]: bot issued server command: /gamerule keepInventory true
[18:52:45 INFO]: [3m[38;5;7m[bot: Gamerule keepInventory is now set to: true][0m
[18:52:45 INFO]: bot issued server command: /gamerule doDaylightCycle false
[18:52:45 INFO]: [3m[38;5;7m[bot: Gamerule doDaylightCycle is now set to: false][0m
[18:52:45 INFO]: bot issued server command: /pause
[18:52:46 INFO]: bot issued server command: /pause
[18:52:47 INFO]: [DriftSystem] [PayloadExecutorV1] done build_id=resource_park_bot_1787655167413 executed=759 failed=0 queue_depth=0
[18:52:47 WARN]: [DriftSystem] [PayloadExecutorV1] report failed build_id=resource_park_bot_1787655167413: Failed to connect to /127.0.0.1:8010
[18:52:48 INFO]: bot issued server command: /gamerule doTileDrops false
[18:52:48 INFO]: [3m[38;5;7m[bot: Gamerule doTileDrops is now set to: false][0m
[18:52:48 INFO]: bot issued server command: /setblock 2 111 2 air destroy
[18:52:48 INFO]: [3m[38;5;7m[bot: Changed the block at 2, 111, 2][0m
[18:52:48 INFO]: bot issued server command: /give @s crafting_table
[18:52:48 INFO]: [3m[38;5;7m[bot: Gave 1 [38;5;15m[Crafting Table][38;5;7m to bot][0m
[18:52:48 INFO]: bot issued server command: /setblock 3 111 -3 air destroy
[18:52:48 INFO]: [3m[38;5;7m[bot: Changed the block at 3, 111, -3][0m
[18:52:48 INFO]: bot issued server command: /give @s furnace
[18:52:48 INFO]: [3m[38;5;7m[bot: Gave 1 [38;5;15m[Furnace][38;5;7m to bot][0m
[18:52:48 INFO]: bot issued server command: /gamerule doTileDrops true
[18:52:48 INFO]: [3m[38;5;7m[bot: Gamerule doTileDrops is now set to: true][0m
[18:52:49 INFO]: bot issued server command: /pause
[18:52:54 INFO]: bot issued server command: /pause
[18:52:55 INFO]: bot lost connection: Disconnected
[18:52:55 INFO]: [38;5;11mbot left the game[0m
[18:52:56 INFO]: UUID of player bot is 67128b5b-2e6b-3ad1-baa0-1b937b03e5c5
[18:52:56 INFO]: [DriftSystem] [教学] 老玩家加入: bot
[18:52:56 INFO]: [38;5;11mbot joined the game[0m
[18:52:56 INFO]: bot[/[0:0:0:0:0:0:0:1]:52995] logged in with entity id 1109 at ([world]8.5, 124.0, -5.5)
[18:52:58 INFO]: bot issued server command: /gamerule keepInventory true
[18:52:58 INFO]: [3m[38;5;7m[bot: Gamerule keepInventory is now set to: true][0m
[18:52:58 INFO]: bot issued server command: /gamerule doDaylightCycle false
[18:52:58 INFO]: [3m[38;5;7m[bot: Gamerule doDaylightCycle is now set to: false][0m
[18:52:58 INFO]: bot issued server command: /pause
[18:52:58 INFO]: bot issued server command: /pause
[18:53:00 INFO]: [DriftSystem] [PayloadExecutorV1] done build_id=resource_park_bot_1787655179913 executed=759 failed=0 queue_depth=0
[18:53:00 WARN]: [DriftSystem] [PayloadExecutorV1] report failed build_id=resource_park_bot_1787655179913: Failed to connect to /127.0.0.1:8010
[18:53:00 INFO]: bot issued server command: /time set 5000
[18:53:00 INFO]: [3m[38;5;7m[bot: Set the time to 5000][0m
[18:53:00 INFO]: bot issued server command: /difficulty peaceful
[18:53:00 INFO]: bot issued server command: /gamerule doTileDrops false
[18:53:00 INFO]: [3m[38;5;7m[bot: Gamerule doTileDrops is now set to: false][0m
[18:53:00 INFO]: bot issued server command: /setblock 2 111 2 air destroy
[18:53:00 INFO]: [3m[38;5;7m[bot: Changed the block at 2, 111, 2][0m
[18:53:00 INFO]: bot issued server command: /give @s crafting_table
[18:53:00 INFO]: [3m[38;5;7m[bot: Gave 1 [38;5;15m[Crafting Table][38;5;7m to bot][0m
[18:53:00 INFO]: bot issued server command: /setblock 3 111 -3 air destroy
[18:53:00 INFO]: [3m[38;5;7m[bot: Changed the block at 3, 111, -3][0m
[18:53:00 INFO]: bot issued server command: /give @s furnace
[18:53:00 INFO]: [3m[38;5;7m[bot: Gave 1 [38;5;15m[Furnace][38;5;7m to bot][0m
[18:53:00 INFO]: bot issued server command: /gamerule doTileDrops true
[18:53:00 INFO]: [3m[38;5;7m[bot: Gamerule doTileDrops is now set to: true][0m
[18:53:01 INFO]: bot issued server command: /pause
[18:53:08 INFO]: bot issued server command: /pause
[18:53:09 INFO]: bot lost connection: Disconnected
[18:53:09 INFO]: [38;5;11mbot left the game[0m
[18:53:10 INFO]: UUID of player bot is 67128b5b-2e6b-3ad1-baa0-1b937b03e5c5
[18:53:10 INFO]: [DriftSystem] [教学] 老玩家加入: bot
[18:53:10 INFO]: [38;5;11mbot joined the game[0m
[18:53:10 INFO]: bot[/[0:0:0:0:0:0:0:1]:53021] logged in with entity id 1120 at ([world]8.5, 124.0, -5.5)
[18:53:11 INFO]: bot issued server command: /gamerule keepInventory true
[18:53:11 INFO]: [3m[38;5;7m[bot: Gamerule keepInventory is now set to: true][0m
[18:53:11 INFO]: bot issued server command: /gamerule doDaylightCycle false
[18:53:11 INFO]: [3m[38;5;7m[bot: Gamerule doDaylightCycle is now set to: false][0m
[18:53:11 INFO]: bot issued server command: /pause
[18:53:12 INFO]: bot issued server command: /pause
[18:53:14 INFO]: [DriftSystem] [PayloadExecutorV1] done build_id=resource_park_bot_1787655193613 executed=759 failed=0 queue_depth=0
[18:53:14 WARN]: [DriftSystem] [PayloadExecutorV1] report failed build_id=resource_park_bot_1787655193613: Failed to connect to /127.0.0.1:8010
[18:53:14 INFO]: bot issued server command: /gamerule doTileDrops false
[18:53:14 INFO]: [3m[38;5;7m[bot: Gamerule doTileDrops is now set to: false][0m
[18:53:14 INFO]: bot issued server command: /setblock 2 111 2 air destroy
[18:53:14 INFO]: [3m[38;5;7m[bot: Changed the block at 2, 111, 2][0m
[18:53:14 INFO]: bot issued server command: /give @s crafting_table
[18:53:14 INFO]: [3m[38;5;7m[bot: Gave 1 [38;5;15m[Crafting Table][38;5;7m to bot][0m
[18:53:14 INFO]: bot issued server command: /setblock 3 111 -3 air destroy
[18:53:14 INFO]: [3m[38;5;7m[bot: Changed the block at 3, 111, -3][0m
[18:53:14 INFO]: bot issued server command: /give @s furnace
[18:53:14 INFO]: [3m[38;5;7m[bot: Gave 1 [38;5;15m[Furnace][38;5;7m to bot][0m
[18:53:14 INFO]: bot issued server command: /gamerule doTileDrops true
[18:53:14 INFO]: [3m[38;5;7m[bot: Gamerule doTileDrops is now set to: true][0m
[18:53:15 INFO]: bot issued server command: /pause
[18:53:16 INFO]: bot issued server command: /pause
[18:53:17 INFO]: bot lost connection: Disconnected
[18:53:17 INFO]: [38;5;11mbot left the game[0m
[18:53:19 INFO]: UUID of player bot is 67128b5b-2e6b-3ad1-baa0-1b937b03e5c5
[18:53:19 INFO]: [DriftSystem] [教学] 老玩家加入: bot
[18:53:19 INFO]: [38;5;11mbot joined the game[0m
[18:53:19 INFO]: bot[/[0:0:0:0:0:0:0:1]:53033] logged in with entity id 1126 at ([world]8.5, 124.0, -5.5)
[18:53:20 INFO]: bot issued server command: /gamerule keepInventory true
[18:53:20 INFO]: [3m[38;5;7m[bot: Gamerule keepInventory is now set to: true][0m
[18:53:20 INFO]: bot issued server command: /gamerule doDaylightCycle false
[18:53:20 INFO]: [3m[38;5;7m[bot: Gamerule doDaylightCycle is now set to: false][0m
[18:53:20 INFO]: bot issued server command: /pause
[18:53:21 INFO]: bot issued server command: /pause
[18:53:22 INFO]: [DriftSystem] [PayloadExecutorV1] done build_id=resource_park_bot_1787655202313 executed=759 failed=0 queue_depth=0
[18:53:22 WARN]: [DriftSystem] [PayloadExecutorV1] report failed build_id=resource_park_bot_1787655202313: Failed to connect to /127.0.0.1:8010
[18:53:23 INFO]: bot issued server command: /time set 6000
[18:53:23 INFO]: [3m[38;5;7m[bot: Set the time to 6000][0m
[18:53:23 INFO]: bot issued server command: /difficulty peaceful
[18:53:23 INFO]: bot issued server command: /gamerule doTileDrops false
[18:53:23 INFO]: [3m[38;5;7m[bot: Gamerule doTileDrops is now set to: false][0m
[18:53:23 INFO]: bot issued server command: /setblock 2 111 2 air destroy
[18:53:23 INFO]: [3m[38;5;7m[bot: Changed the block at 2, 111, 2][0m
[18:53:23 INFO]: bot issued server command: /give @s crafting_table
[18:53:23 INFO]: [3m[38;5;7m[bot: Gave 1 [38;5;15m[Crafting Table][38;5;7m to bot][0m
[18:53:23 INFO]: bot issued server command: /setblock 3 111 -3 air destroy
[18:53:23 INFO]: [3m[38;5;7m[bot: Changed the block at 3, 111, -3][0m
[18:53:23 INFO]: bot issued server command: /give @s furnace
[18:53:23 INFO]: [3m[38;5;7m[bot: Gave 1 [38;5;15m[Furnace][38;5;7m to bot][0m
[18:53:23 INFO]: bot issued server command: /gamerule doTileDrops true
[18:53:23 INFO]: [3m[38;5;7m[bot: Gamerule doTileDrops is now set to: true][0m
[18:53:24 INFO]: bot issued server command: /pause
[18:53:32 INFO]: bot issued server command: /pause
[18:53:33 INFO]: bot lost connection: Disconnected
[18:53:33 INFO]: [38;5;11mbot left the game[0m
[18:53:35 INFO]: UUID of player bot is 67128b5b-2e6b-3ad1-baa0-1b937b03e5c5
[18:53:35 INFO]: [DriftSystem] [教学] 老玩家加入: bot
[18:53:35 INFO]: [38;5;11mbot joined the game[0m
[18:53:35 INFO]: bot[/[0:0:0:0:0:0:0:1]:53070] logged in with entity id 1136 at ([world]8.5, 124.0, -5.5)
[18:53:36 INFO]: bot issued server command: /gamerule keepInventory true
[18:53:36 INFO]: [3m[38;5;7m[bot: Gamerule keepInventory is now set to: true][0m
[18:53:36 INFO]: bot issued server command: /gamerule doDaylightCycle false
[18:53:36 INFO]: [3m[38;5;7m[bot: Gamerule doDaylightCycle is now set to: false][0m
[18:53:36 INFO]: bot issued server command: /pause
[18:53:37 INFO]: bot issued server command: /pause
[18:53:38 INFO]: [DriftSystem] [PayloadExecutorV1] done build_id=resource_park_bot_1787655218464 executed=759 failed=0 queue_depth=0
[18:53:38 WARN]: [DriftSystem] [PayloadExecutorV1] report failed build_id=resource_park_bot_1787655218464: Failed to connect to /127.0.0.1:8010
[18:53:39 INFO]: bot issued server command: /gamerule doTileDrops false
[18:53:39 INFO]: [3m[38;5;7m[bot: Gamerule doTileDrops is now set to: false][0m
[18:53:39 INFO]: bot issued server command: /setblock 2 111 2 air destroy
[18:53:39 INFO]: [3m[38;5;7m[bot: Changed the block at 2, 111, 2][0m
[18:53:39 INFO]: bot issued server command: /give @s crafting_table
[18:53:39 INFO]: [3m[38;5;7m[bot: Gave 1 [38;5;15m[Crafting Table][38;5;7m to bot][0m
[18:53:39 INFO]: bot issued server command: /setblock 3 111 -3 air destroy
[18:53:39 INFO]: [3m[38;5;7m[bot: Changed the block at 3, 111, -3][0m
[18:53:39 INFO]: bot issued server command: /give @s furnace
[18:53:39 INFO]: [3m[38;5;7m[bot: Gave 1 [38;5;15m[Furnace][38;5;7m to bot][0m
[18:53:39 INFO]: bot issued server command: /gamerule doTileDrops true
[18:53:39 INFO]: [3m[38;5;7m[bot: Gamerule doTileDrops is now set to: true][0m
[18:53:40 INFO]: bot issued server command: /pause
[18:53:45 INFO]: bot issued server command: /pause
[18:53:46 INFO]: bot lost connection: Disconnected
[18:53:46 INFO]: [38;5;11mbot left the game[0m
[18:53:47 INFO]: UUID of player bot is 67128b5b-2e6b-3ad1-baa0-1b937b03e5c5
[18:53:47 INFO]: [DriftSystem] [教学] 老玩家加入: bot
[18:53:47 INFO]: [38;5;11mbot joined the game[0m
[18:53:47 INFO]: bot[/[0:0:0:0:0:0:0:1]:53105] logged in with entity id 1149 at ([world]8.5, 124.0, -5.5)
[18:53:49 INFO]: bot issued server command: /gamerule keepInventory true
[18:53:49 INFO]: [3m[38;5;7m[bot: Gamerule keepInventory is now set to: true][0m
[18:53:49 INFO]: bot issued server command: /gamerule doDaylightCycle false
[18:53:49 INFO]: [3m[38;5;7m[bot: Gamerule doDaylightCycle is now set to: false][0m
[18:53:49 INFO]: bot issued server command: /pause
[18:53:50 INFO]: bot issued server command: /pause
[18:53:51 INFO]: [DriftSystem] [PayloadExecutorV1] done build_id=resource_park_bot_1787655230913 executed=759 failed=0 queue_depth=0
[18:53:51 WARN]: [DriftSystem] [PayloadExecutorV1] report failed build_id=resource_park_bot_1787655230913: Failed to connect to /127.0.0.1:8010
[18:53:52 INFO]: bot issued server command: /time set 7000
[18:53:52 INFO]: [3m[38;5;7m[bot: Set the time to 7000][0m
[18:53:52 INFO]: bot issued server command: /difficulty peaceful
[18:53:52 INFO]: bot issued server command: /gamerule doTileDrops false
[18:53:52 INFO]: [3m[38;5;7m[bot: Gamerule doTileDrops is now set to: false][0m
[18:53:52 INFO]: bot issued server command: /setblock 2 111 2 air destroy
[18:53:52 INFO]: [3m[38;5;7m[bot: Changed the block at 2, 111, 2][0m
[18:53:52 INFO]: bot issued server command: /give @s crafting_table
[18:53:52 INFO]: [3m[38;5;7m[bot: Gave 1 [38;5;15m[Crafting Table][38;5;7m to bot][0m
[18:53:52 INFO]: bot issued server command: /setblock 3 111 -3 air destroy
[18:53:52 INFO]: [3m[38;5;7m[bot: Changed the block at 3, 111, -3][0m
[18:53:52 INFO]: bot issued server command: /give @s furnace
[18:53:52 INFO]: [3m[38;5;7m[bot: Gave 1 [38;5;15m[Furnace][38;5;7m to bot][0m
[18:53:52 INFO]: bot issued server command: /gamerule doTileDrops true
[18:53:52 INFO]: [3m[38;5;7m[bot: Gamerule doTileDrops is now set to: true][0m
[18:53:53 INFO]: bot issued server command: /pause
[18:53:58 INFO]: bot issued server command: /pause
[18:54:00 INFO]: bot lost connection: Disconnected
[18:54:00 INFO]: [38;5;11mbot left the game[0m
[18:54:01 INFO]: UUID of player bot is 67128b5b-2e6b-3ad1-baa0-1b937b03e5c5
[18:54:01 INFO]: [DriftSystem] [教学] 老玩家加入: bot
[18:54:01 INFO]: [38;5;11mbot joined the game[0m
[18:54:01 INFO]: bot[/[0:0:0:0:0:0:0:1]:53126] logged in with entity id 1161 at ([world]8.5, 124.0, -5.5)
[18:54:02 INFO]: bot issued server command: /gamerule keepInventory true
[18:54:02 INFO]: [3m[38;5;7m[bot: Gamerule keepInventory is now set to: true][0m
[18:54:02 INFO]: bot issued server command: /gamerule doDaylightCycle false
[18:54:02 INFO]: [3m[38;5;7m[bot: Gamerule doDaylightCycle is now set to: false][0m
[18:54:02 INFO]: bot issued server command: /pause
[18:54:03 INFO]: bot issued server command: /pause
[18:54:04 INFO]: [DriftSystem] [PayloadExecutorV1] done build_id=resource_park_bot_1787655244514 executed=759 failed=0 queue_depth=0
[18:54:04 WARN]: [DriftSystem] [PayloadExecutorV1] report failed build_id=resource_park_bot_1787655244514: Failed to connect to /127.0.0.1:8010
[18:54:05 INFO]: bot issued server command: /gamerule doTileDrops false
[18:54:05 INFO]: [3m[38;5;7m[bot: Gamerule doTileDrops is now set to: false][0m
[18:54:05 INFO]: bot issued server command: /setblock 2 111 2 air destroy
[18:54:05 INFO]: [3m[38;5;7m[bot: Changed the block at 2, 111, 2][0m
[18:54:05 INFO]: bot issued server command: /give @s crafting_table
[18:54:05 INFO]: [3m[38;5;7m[bot: Gave 1 [38;5;15m[Crafting Table][38;5;7m to bot][0m
[18:54:05 INFO]: bot issued server command: /setblock 3 111 -3 air destroy
[18:54:05 INFO]: [3m[38;5;7m[bot: Changed the block at 3, 111, -3][0m
[18:54:05 INFO]: bot issued server command: /give @s furnace
[18:54:05 INFO]: [3m[38;5;7m[bot: Gave 1 [38;5;15m[Furnace][38;5;7m to bot][0m
[18:54:05 INFO]: bot issued server command: /gamerule doTileDrops true
[18:54:05 INFO]: [3m[38;5;7m[bot: Gamerule doTileDrops is now set to: true][0m
[18:54:06 INFO]: bot issued server command: /pause
[18:54:07 INFO]: bot issued server command: /pause
[18:54:08 INFO]: bot lost connection: Disconnected
[18:54:08 INFO]: [38;5;11mbot left the game[0m
[18:54:10 INFO]: UUID of player bot is 67128b5b-2e6b-3ad1-baa0-1b937b03e5c5
[18:54:10 INFO]: [DriftSystem] [教学] 老玩家加入: bot
[18:54:10 INFO]: [38;5;11mbot joined the game[0m
[18:54:10 INFO]: bot[/[0:0:0:0:0:0:0:1]:53155] logged in with entity id 1169 at ([world]8.5, 124.0, -5.5)
[18:54:11 INFO]: bot issued server command: /gamerule keepInventory true
[18:54:11 INFO]: [3m[38;5;7m[bot: Gamerule keepInventory is now set to: true][0m
[18:54:11 INFO]: bot issued server command: /gamerule doDaylightCycle false
[18:54:11 INFO]: [3m[38;5;7m[bot: Gamerule doDaylightCycle is now set to: false][0m
[18:54:11 INFO]: bot issued server command: /pause
[18:54:12 INFO]: bot issued server command: /pause
[18:54:13 INFO]: [DriftSystem] [PayloadExecutorV1] done build_id=resource_park_bot_1787655253214 executed=759 failed=0 queue_depth=0
[18:54:13 WARN]: [DriftSystem] [PayloadExecutorV1] report failed build_id=resource_park_bot_1787655253214: Failed to connect to /127.0.0.1:8010
[18:54:14 INFO]: bot issued server command: /time set 8000
[18:54:14 INFO]: [3m[38;5;7m[bot: Set the time to 8000][0m
[18:54:14 INFO]: bot issued server command: /difficulty peaceful
[18:54:14 INFO]: bot issued server command: /gamerule doTileDrops false
[18:54:14 INFO]: [3m[38;5;7m[bot: Gamerule doTileDrops is now set to: false][0m
[18:54:14 INFO]: bot issued server command: /setblock 2 111 2 air destroy
[18:54:14 INFO]: [3m[38;5;7m[bot: Changed the block at 2, 111, 2][0m
[18:54:14 INFO]: bot issued server command: /give @s crafting_table
[18:54:14 INFO]: [3m[38;5;7m[bot: Gave 1 [38;5;15m[Crafting Table][38;5;7m to bot][0m
[18:54:14 INFO]: bot issued server command: /setblock 3 111 -3 air destroy
[18:54:14 INFO]: [3m[38;5;7m[bot: Changed the block at 3, 111, -3][0m
[18:54:14 INFO]: bot issued server command: /give @s furnace
[18:54:14 INFO]: [3m[38;5;7m[bot: Gave 1 [38;5;15m[Furnace][38;5;7m to bot][0m
[18:54:14 INFO]: bot issued server command: /gamerule doTileDrops true
[18:54:14 INFO]: [3m[38;5;7m[bot: Gamerule doTileDrops is now set to: true][0m
[18:54:15 INFO]: bot issued server command: /pause
[18:54:24 INFO]: bot issued server command: /pause
[18:54:25 INFO]: bot lost connection: Disconnected
[18:54:25 INFO]: [38;5;11mbot left the game[0m
[18:54:27 INFO]: UUID of player bot is 67128b5b-2e6b-3ad1-baa0-1b937b03e5c5
[18:54:27 INFO]: [DriftSystem] [教学] 老玩家加入: bot
[18:54:27 INFO]: [38;5;11mbot joined the game[0m
[18:54:27 INFO]: bot[/[0:0:0:0:0:0:0:1]:53176] logged in with entity id 1180 at ([world]8.5, 124.0, -5.5)
[18:54:28 INFO]: bot issued server command: /gamerule keepInventory true
[18:54:28 INFO]: [3m[38;5;7m[bot: Gamerule keepInventory is now set to: true][0m
[18:54:28 INFO]: bot issued server command: /gamerule doDaylightCycle false
[18:54:28 INFO]: [3m[38;5;7m[bot: Gamerule doDaylightCycle is now set to: false][0m
[18:54:28 INFO]: bot issued server command: /pause
[18:54:29 INFO]: bot issued server command: /pause
[18:54:30 INFO]: [DriftSystem] [PayloadExecutorV1] done build_id=resource_park_bot_1787655270514 executed=759 failed=0 queue_depth=0
[18:54:30 WARN]: [DriftSystem] [PayloadExecutorV1] report failed build_id=resource_park_bot_1787655270514: Failed to connect to /127.0.0.1:8010
[18:54:31 INFO]: bot issued server command: /gamerule doTileDrops false
[18:54:31 INFO]: [3m[38;5;7m[bot: Gamerule doTileDrops is now set to: false][0m
[18:54:31 INFO]: bot issued server command: /setblock 2 111 2 air destroy
[18:54:31 INFO]: [3m[38;5;7m[bot: Changed the block at 2, 111, 2][0m
[18:54:31 INFO]: bot issued server command: /give @s crafting_table
[18:54:31 INFO]: [3m[38;5;7m[bot: Gave 1 [38;5;15m[Crafting Table][38;5;7m to bot][0m
[18:54:31 INFO]: bot issued server command: /setblock 3 111 -3 air destroy
[18:54:31 INFO]: [3m[38;5;7m[bot: Changed the block at 3, 111, -3][0m
[18:54:31 INFO]: bot issued server command: /give @s furnace
[18:54:31 INFO]: [3m[38;5;7m[bot: Gave 1 [38;5;15m[Furnace][38;5;7m to bot][0m
[18:54:31 INFO]: bot issued server command: /gamerule doTileDrops true
[18:54:31 INFO]: [3m[38;5;7m[bot: Gamerule doTileDrops is now set to: true][0m
[18:54:32 INFO]: bot issued server command: /pause
[18:54:37 INFO]: bot issued server command: /pause
[18:54:38 INFO]: bot lost connection: Disconnected
[18:54:38 INFO]: [38;5;11mbot left the game[0m
[18:54:39 INFO]: UUID of player bot is 67128b5b-2e6b-3ad1-baa0-1b937b03e5c5
[18:54:39 INFO]: [DriftSystem] [教学] 老玩家加入: bot
[18:54:39 INFO]: [38;5;11mbot joined the game[0m
[18:54:39 INFO]: bot[/[0:0:0:0:0:0:0:1]:53243] logged in with entity id 1193 at ([world]8.5, 124.0, -5.5)
[18:54:41 INFO]: bot issued server command: /gamerule keepInventory true
[18:54:41 INFO]: [3m[38;5;7m[bot: Gamerule keepInventory is now set to: true][0m
[18:54:41 INFO]: bot issued server command: /gamerule doDaylightCycle false
[18:54:41 INFO]: [3m[38;5;7m[bot: Gamerule doDaylightCycle is now set to: false][0m
[18:54:41 INFO]: bot issued server command: /pause
[18:54:42 INFO]: bot issued server command: /pause
[18:54:43 INFO]: [DriftSystem] [PayloadExecutorV1] done build_id=resource_park_bot_1787655282914 executed=759 failed=0 queue_depth=0
[18:54:43 WARN]: [DriftSystem] [PayloadExecutorV1] report failed build_id=resource_park_bot_1787655282914: Failed to connect to /127.0.0.1:8010
[18:54:44 INFO]: bot issued server command: /time set 9000
[18:54:44 INFO]: [3m[38;5;7m[bot: Set the time to 9000][0m
[18:54:44 INFO]: bot issued server command: /difficulty peaceful
[18:54:44 INFO]: bot issued server command: /gamerule doTileDrops false
[18:54:44 INFO]: [3m[38;5;7m[bot: Gamerule doTileDrops is now set to: false][0m
[18:54:44 INFO]: bot issued server command: /setblock 2 111 2 air destroy
[18:54:44 INFO]: [3m[38;5;7m[bot: Changed the block at 2, 111, 2][0m
[18:54:44 INFO]: bot issued server command: /give @s crafting_table
[18:54:44 INFO]: [3m[38;5;7m[bot: Gave 1 [38;5;15m[Crafting Table][38;5;7m to bot][0m
[18:54:44 INFO]: bot issued server command: /setblock 3 111 -3 air destroy
[18:54:44 INFO]: [3m[38;5;7m[bot: Changed the block at 3, 111, -3][0m
[18:54:44 INFO]: bot issued server command: /give @s furnace
[18:54:44 INFO]: [3m[38;5;7m[bot: Gave 1 [38;5;15m[Furnace][38;5;7m to bot][0m
[18:54:44 INFO]: bot issued server command: /gamerule doTileDrops true
[18:54:44 INFO]: [3m[38;5;7m[bot: Gamerule doTileDrops is now set to: true][0m
[18:54:45 INFO]: bot issued server command: /pause
[18:54:51 INFO]: bot issued server command: /pause
[18:54:52 INFO]: bot lost connection: Disconnected
[18:54:52 INFO]: [38;5;11mbot left the game[0m
[18:54:53 INFO]: UUID of player bot is 67128b5b-2e6b-3ad1-baa0-1b937b03e5c5
[18:54:53 INFO]: [DriftSystem] [教学] 老玩家加入: bot
[18:54:53 INFO]: [38;5;11mbot joined the game[0m
[18:54:53 INFO]: bot[/[0:0:0:0:0:0:0:1]:53277] logged in with entity id 1198 at ([world]8.5, 124.0, -5.5)
[18:54:54 INFO]: bot issued server command: /gamerule keepInventory true
[18:54:54 INFO]: [3m[38;5;7m[bot: Gamerule keepInventory is now set to: true][0m
[18:54:54 INFO]: bot issued server command: /gamerule doDaylightCycle false
[18:54:54 INFO]: [3m[38;5;7m[bot: Gamerule doDaylightCycle is now set to: false][0m
[18:54:54 INFO]: bot issued server command: /pause
[18:54:55 INFO]: bot issued server command: /pause
[18:54:57 INFO]: [DriftSystem] [PayloadExecutorV1] done build_id=resource_park_bot_1787655296714 executed=759 failed=0 queue_depth=0
[18:54:57 WARN]: [DriftSystem] [PayloadExecutorV1] report failed build_id=resource_park_bot_1787655296714: Failed to connect to /127.0.0.1:8010
[18:54:57 INFO]: bot issued server command: /gamerule doTileDrops false
[18:54:57 INFO]: [3m[38;5;7m[bot: Gamerule doTileDrops is now set to: false][0m
[18:54:57 INFO]: bot issued server command: /setblock 2 111 2 air destroy
[18:54:57 INFO]: [3m[38;5;7m[bot: Changed the block at 2, 111, 2][0m
[18:54:57 INFO]: bot issued server command: /give @s crafting_table
[18:54:57 INFO]: [3m[38;5;7m[bot: Gave 1 [38;5;15m[Crafting Table][38;5;7m to bot][0m
[18:54:57 INFO]: bot issued server command: /setblock 3 111 -3 air destroy
[18:54:57 INFO]: [3m[38;5;7m[bot: Changed the block at 3, 111, -3][0m
[18:54:57 INFO]: bot issued server command: /give @s furnace
[18:54:57 INFO]: [3m[38;5;7m[bot: Gave 1 [38;5;15m[Furnace][38;5;7m to bot][0m
[18:54:57 INFO]: bot issued server command: /gamerule doTileDrops true
[18:54:57 INFO]: [3m[38;5;7m[bot: Gamerule doTileDrops is now set to: true][0m
[18:54:58 INFO]: bot issued server command: /pause
[18:54:59 INFO]: bot issued server command: /pause
[18:55:00 INFO]: bot lost connection: Disconnected
[18:55:00 INFO]: [38;5;11mbot left the game[0m
[18:55:02 INFO]: UUID of player bot is 67128b5b-2e6b-3ad1-baa0-1b937b03e5c5
[18:55:02 INFO]: [DriftSystem] [教学] 老玩家加入: bot
[18:55:02 INFO]: [38;5;11mbot joined the game[0m
[18:55:02 INFO]: bot[/[0:0:0:0:0:0:0:1]:53299] logged in with entity id 1207 at ([world]8.5, 124.0, -5.5)
[18:55:03 INFO]: bot issued server command: /gamerule keepInventory true
[18:55:03 INFO]: [3m[38;5;7m[bot: Gamerule keepInventory is now set to: true][0m
[18:55:03 INFO]: bot issued server command: /gamerule doDaylightCycle false
[18:55:03 INFO]: [3m[38;5;7m[bot: Gamerule doDaylightCycle is now set to: false][0m
[18:55:03 INFO]: bot issued server command: /pause
[18:55:04 INFO]: bot issued server command: /pause
[18:55:04 INFO]: bot issued server command: /gamerule doTileDrops false
[18:55:04 INFO]: [3m[38;5;7m[bot: Gamerule doTileDrops is now set to: false][0m
[18:55:04 INFO]: [DriftSystem] [聊天] 玩家 bot 说: __probe__
[18:55:04 INFO]: [DriftSystem] [RuleEventBridge] Emitting event chat for player bot payload={text=__probe__, quest_event=chat_probe}
[18:55:04 WARN]: [DriftSystem] [RuleEventBridge] emit failed: Failed to connect to /127.0.0.1:8010
[18:55:04 WARN]: [DriftSystem] [IntentRouter2] 请求失败: Failed to connect to /127.0.0.1:8010
[18:55:04 INFO]: [DriftSystem] [聊天] 收到 1 个意图
[18:55:04 INFO]: bot issued server command: /setblock -2 111 -2 air destroy
[18:55:04 INFO]: [3m[38;5;7m[bot: Changed the block at -2, 111, -2][0m
[18:55:04 INFO]: bot issued server command: /give @s crafting_table
[18:55:04 INFO]: [3m[38;5;7m[bot: Gave 1 [38;5;15m[Crafting Table][38;5;7m to bot][0m
[18:55:04 INFO]: [DriftSystem] [DEBUG] intents=[UNKNOWN] player=bot text=__probe__
[18:55:04 INFO]: [DriftSystem] [聊天] 分发意图: UNKNOWN, rawText=__probe__
[18:55:04 INFO]: [DriftSystem] [剧情推进] 玩家: bot, 文本: __probe__
[18:55:04 WARN]: [DriftSystem] [剧情推进] 请求失败: Failed to connect to /127.0.0.1:8010
[18:55:05 INFO]: [DriftSystem] [PayloadExecutorV1] done build_id=resource_park_bot_1787655305414 executed=759 failed=0 queue_depth=0
[18:55:05 WARN]: [DriftSystem] [PayloadExecutorV1] report failed build_id=resource_park_bot_1787655305414: Failed to connect to /127.0.0.1:8010
[18:55:06 INFO]: bot issued server command: /gamerule doTileDrops true
[18:55:06 INFO]: [3m[38;5;7m[bot: Gamerule doTileDrops is now set to: true][0m
[18:55:06 INFO]: bot issued server command: /time set 10000
[18:55:06 INFO]: [3m[38;5;7m[bot: Set the time to 10000][0m
[18:55:06 INFO]: bot issued server command: /difficulty peaceful
[18:55:06 INFO]: bot issued server command: /gamerule doTileDrops false
[18:55:06 INFO]: [3m[38;5;7m[bot: Gamerule doTileDrops is now set to: false][0m
[18:55:06 INFO]: bot issued server command: /setblock 2 111 2 air destroy
[18:55:06 INFO]: [3m[38;5;7m[bot: Changed the block at 2, 111, 2][0m
[18:55:06 INFO]: bot issued server command: /give @s crafting_table
[18:55:06 INFO]: [3m[38;5;7m[bot: Gave 1 [38;5;15m[Crafting Table][38;5;7m to bot][0m
[18:55:06 INFO]: bot issued server command: /setblock 3 111 -3 air destroy
[18:55:06 INFO]: [3m[38;5;7m[bot: Changed the block at 3, 111, -3][0m
[18:55:06 INFO]: bot issued server command: /give @s furnace
[18:55:06 INFO]: [3m[38;5;7m[bot: Gave 1 [38;5;15m[Furnace][38;5;7m to bot][0m
[18:55:06 INFO]: bot issued server command: /gamerule doTileDrops true
[18:55:06 INFO]: [3m[38;5;7m[bot: Gamerule doTileDrops is now set to: true][0m
[18:55:07 INFO]: bot issued server command: /pause
[18:55:17 INFO]: bot issued server command: /pause
[18:55:18 INFO]: bot lost connection: Disconnected
[18:55:18 INFO]: [38;5;11mbot left the game[0m
[18:55:19 INFO]: UUID of player bot is 67128b5b-2e6b-3ad1-baa0-1b937b03e5c5
[18:55:19 INFO]: [DriftSystem] [教学] 老玩家加入: bot
[18:55:19 INFO]: [38;5;11mbot joined the game[0m
[18:55:19 INFO]: bot[/[0:0:0:0:0:0:0:1]:53335] logged in with entity id 1227 at ([world]8.5, 124.0, -5.5)
[18:55:20 INFO]: bot issued server command: /gamerule keepInventory true
[18:55:20 INFO]: [3m[38;5;7m[bot: Gamerule keepInventory is now set to: true][0m
[18:55:20 INFO]: bot issued server command: /gamerule doDaylightCycle false
[18:55:20 INFO]: [3m[38;5;7m[bot: Gamerule doDaylightCycle is now set to: false][0m
[18:55:20 INFO]: bot issued server command: /pause
[18:55:21 INFO]: bot issued server command: /pause
[18:55:23 INFO]: [DriftSystem] [PayloadExecutorV1] done build_id=resource_park_bot_1787655322614 executed=759 failed=0 queue_depth=0
[18:55:23 WARN]: [DriftSystem] [PayloadExecutorV1] report failed build_id=resource_park_bot_1787655322614: Failed to connect to /127.0.0.1:8010
[18:55:23 INFO]: bot issued server command: /gamerule doTileDrops false
[18:55:23 INFO]: [3m[38;5;7m[bot: Gamerule doTileDrops is now set to: false][0m
[18:55:23 INFO]: bot issued server command: /setblock 2 111 2 air destroy
[18:55:23 INFO]: [3m[38;5;7m[bot: Changed the block at 2, 111, 2][0m
[18:55:23 INFO]: bot issued server command: /give @s crafting_table
[18:55:23 INFO]: [3m[38;5;7m[bot: Gave 1 [38;5;15m[Crafting Table][38;5;7m to bot][0m
[18:55:23 INFO]: bot issued server command: /setblock 3 111 -3 air destroy
[18:55:23 INFO]: [3m[38;5;7m[bot: Changed the block at 3, 111, -3][0m
[18:55:23 INFO]: bot issued server command: /give @s furnace
[18:55:23 INFO]: [3m[38;5;7m[bot: Gave 1 [38;5;15m[Furnace][38;5;7m to bot][0m
[18:55:23 INFO]: bot issued server command: /gamerule doTileDrops true
[18:55:23 INFO]: [3m[38;5;7m[bot: Gamerule doTileDrops is now set to: true][0m
[18:55:24 INFO]: bot issued server command: /pause
[18:55:29 INFO]: bot issued server command: /pause
[18:55:30 INFO]: bot lost connection: Disconnected
[18:55:30 INFO]: [38;5;11mbot left the game[0m
[18:55:32 INFO]: UUID of player bot is 67128b5b-2e6b-3ad1-baa0-1b937b03e5c5
[18:55:32 INFO]: [DriftSystem] [教学] 老玩家加入: bot
[18:55:32 INFO]: [38;5;11mbot joined the game[0m
[18:55:32 INFO]: bot[/[0:0:0:0:0:0:0:1]:53364] logged in with entity id 1233 at ([world]8.5, 124.0, -5.5)
[18:55:33 INFO]: bot issued server command: /gamerule keepInventory true
[18:55:33 INFO]: [3m[38;5;7m[bot: Gamerule keepInventory is now set to: true][0m
[18:55:33 INFO]: bot issued server command: /gamerule doDaylightCycle false
[18:55:33 INFO]: [3m[38;5;7m[bot: Gamerule doDaylightCycle is now set to: false][0m
[18:55:33 INFO]: bot issued server command: /pause
[18:55:34 INFO]: bot issued server command: /pause
[18:55:35 INFO]: [DriftSystem] [PayloadExecutorV1] done build_id=resource_park_bot_1787655335114 executed=759 failed=0 queue_depth=0
[18:55:35 WARN]: [DriftSystem] [PayloadExecutorV1] report failed build_id=resource_park_bot_1787655335114: Failed to connect to /127.0.0.1:8010
[18:55:36 INFO]: bot issued server command: /time set 11000
[18:55:36 INFO]: [3m[38;5;7m[bot: Set the time to 11000][0m
[18:55:36 INFO]: bot issued server command: /difficulty peaceful
[18:55:36 INFO]: bot issued server command: /gamerule doTileDrops false
[18:55:36 INFO]: [3m[38;5;7m[bot: Gamerule doTileDrops is now set to: false][0m
[18:55:36 INFO]: bot issued server command: /setblock 2 111 2 air destroy
[18:55:36 INFO]: [3m[38;5;7m[bot: Changed the block at 2, 111, 2][0m
[18:55:36 INFO]: bot issued server command: /give @s crafting_table
[18:55:36 INFO]: [3m[38;5;7m[bot: Gave 1 [38;5;15m[Crafting Table][38;5;7m to bot][0m
[18:55:36 INFO]: bot issued server command: /setblock 3 111 -3 air destroy
[18:55:36 INFO]: [3m[38;5;7m[bot: Changed the block at 3, 111, -3][0m
[18:55:36 INFO]: bot issued server command: /give @s furnace
[18:55:36 INFO]: [3m[38;5;7m[bot: Gave 1 [38;5;15m[Furnace][38;5;7m to bot][0m
[18:55:36 INFO]: bot issued server command: /gamerule doTileDrops true
[18:55:36 INFO]: [3m[38;5;7m[bot: Gamerule doTileDrops is now set to: true][0m
[18:55:37 INFO]: bot issued server command: /pause
[18:55:43 INFO]: bot issued server command: /pause
[18:55:44 INFO]: bot lost connection: Disconnected
[18:55:44 INFO]: [38;5;11mbot left the game[0m
[18:55:45 INFO]: UUID of player bot is 67128b5b-2e6b-3ad1-baa0-1b937b03e5c5
[18:55:45 INFO]: [DriftSystem] [教学] 老玩家加入: bot
[18:55:45 INFO]: [38;5;11mbot joined the game[0m
[18:55:45 INFO]: bot[/[0:0:0:0:0:0:0:1]:53395] logged in with entity id 1246 at ([world]8.5, 124.0, -5.5)
[18:55:46 INFO]: bot issued server command: /gamerule keepInventory true
[18:55:46 INFO]: [3m[38;5;7m[bot: Gamerule keepInventory is now set to: true][0m
[18:55:46 INFO]: bot issued server command: /gamerule doDaylightCycle false
[18:55:46 INFO]: [3m[38;5;7m[bot: Gamerule doDaylightCycle is now set to: false][0m
[18:55:46 INFO]: bot issued server command: /pause
[18:55:47 INFO]: bot issued server command: /pause
[18:55:49 INFO]: [DriftSystem] [PayloadExecutorV1] done build_id=resource_park_bot_1787655348714 executed=759 failed=0 queue_depth=0
[18:55:49 WARN]: [DriftSystem] [PayloadExecutorV1] report failed build_id=resource_park_bot_1787655348714: Failed to connect to /127.0.0.1:8010
[18:55:49 INFO]: bot issued server command: /gamerule doTileDrops false
[18:55:49 INFO]: [3m[38;5;7m[bot: Gamerule doTileDrops is now set to: false][0m
[18:55:49 INFO]: bot issued server command: /setblock 2 111 2 air destroy
[18:55:49 INFO]: [3m[38;5;7m[bot: Changed the block at 2, 111, 2][0m
[18:55:49 INFO]: bot issued server command: /give @s crafting_table
[18:55:49 INFO]: [3m[38;5;7m[bot: Gave 1 [38;5;15m[Crafting Table][38;5;7m to bot][0m
[18:55:49 INFO]: bot issued server command: /setblock 3 111 -3 air destroy
[18:55:49 INFO]: [3m[38;5;7m[bot: Changed the block at 3, 111, -3][0m
[18:55:49 INFO]: bot issued server command: /give @s furnace
[18:55:49 INFO]: [3m[38;5;7m[bot: Gave 1 [38;5;15m[Furnace][38;5;7m to bot][0m
[18:55:49 INFO]: bot issued server command: /gamerule doTileDrops true
[18:55:49 INFO]: [3m[38;5;7m[bot: Gamerule doTileDrops is now set to: true][0m
[18:55:50 INFO]: bot issued server command: /pause
[18:55:51 INFO]: bot issued server command: /pause
[18:55:52 INFO]: bot lost connection: Disconnected
[18:55:52 INFO]: [38;5;11mbot left the game[0m
[18:55:54 INFO]: UUID of player bot is 67128b5b-2e6b-3ad1-baa0-1b937b03e5c5
[18:55:54 INFO]: [DriftSystem] [教学] 老玩家加入: bot
[18:55:54 INFO]: [38;5;11mbot joined the game[0m
[18:55:54 INFO]: bot[/[0:0:0:0:0:0:0:1]:53413] logged in with entity id 1254 at ([world]8.5, 124.0, -5.5)
[18:55:55 INFO]: bot issued server command: /gamerule keepInventory true
[18:55:55 INFO]: [3m[38;5;7m[bot: Gamerule keepInventory is now set to: true][0m
[18:55:55 INFO]: bot issued server command: /gamerule doDaylightCycle false
[18:55:55 INFO]: [3m[38;5;7m[bot: Gamerule doDaylightCycle is now set to: false][0m
[18:55:55 INFO]: bot issued server command: /pause
[18:55:56 INFO]: bot issued server command: /pause
[18:55:57 INFO]: [DriftSystem] [PayloadExecutorV1] done build_id=resource_park_bot_1787655357414 executed=759 failed=0 queue_depth=0
[18:55:57 WARN]: [DriftSystem] [PayloadExecutorV1] report failed build_id=resource_park_bot_1787655357414: Failed to connect to /127.0.0.1:8010
[18:55:58 INFO]: bot issued server command: /time set 12000
[18:55:58 INFO]: [3m[38;5;7m[bot: Set the time to 12000][0m
[18:55:58 INFO]: bot issued server command: /difficulty peaceful
[18:55:58 INFO]: bot issued server command: /gamerule doTileDrops false
[18:55:58 INFO]: [3m[38;5;7m[bot: Gamerule doTileDrops is now set to: false][0m
[18:55:58 INFO]: bot issued server command: /setblock 2 111 2 air destroy
[18:55:58 INFO]: [3m[38;5;7m[bot: Changed the block at 2, 111, 2][0m
[18:55:58 INFO]: bot issued server command: /give @s crafting_table
[18:55:58 INFO]: [3m[38;5;7m[bot: Gave 1 [38;5;15m[Crafting Table][38;5;7m to bot][0m
[18:55:58 INFO]: bot issued server command: /setblock 3 111 -3 air destroy
[18:55:58 INFO]: [3m[38;5;7m[bot: Changed the block at 3, 111, -3][0m
[18:55:58 INFO]: bot issued server command: /give @s furnace
[18:55:58 INFO]: [3m[38;5;7m[bot: Gave 1 [38;5;15m[Furnace][38;5;7m to bot][0m
[18:55:58 INFO]: bot issued server command: /gamerule doTileDrops true
[18:55:58 INFO]: [3m[38;5;7m[bot: Gamerule doTileDrops is now set to: true][0m
[18:55:59 INFO]: bot issued server command: /pause
[18:56:08 INFO]: bot issued server command: /pause
[18:56:09 INFO]: bot lost connection: Disconnected
[18:56:09 INFO]: [38;5;11mbot left the game[0m
[18:56:11 INFO]: UUID of player bot is 67128b5b-2e6b-3ad1-baa0-1b937b03e5c5
[18:56:11 INFO]: [DriftSystem] [教学] 老玩家加入: bot
[18:56:11 INFO]: [38;5;11mbot joined the game[0m
[18:56:11 INFO]: bot[/[0:0:0:0:0:0:0:1]:53450] logged in with entity id 1270 at ([world]8.5, 124.0, -5.5)
[18:56:12 INFO]: bot issued server command: /gamerule keepInventory true
[18:56:12 INFO]: [3m[38;5;7m[bot: Gamerule keepInventory is now set to: true][0m
[18:56:12 INFO]: bot issued server command: /gamerule doDaylightCycle false
[18:56:12 INFO]: [3m[38;5;7m[bot: Gamerule doDaylightCycle is now set to: false][0m
[18:56:12 INFO]: bot issued server command: /pause
[18:56:13 INFO]: bot issued server command: /pause
[18:56:14 INFO]: [DriftSystem] [PayloadExecutorV1] done build_id=resource_park_bot_1787655374314 executed=759 failed=0 queue_depth=0
[18:56:14 WARN]: [DriftSystem] [PayloadExecutorV1] report failed build_id=resource_park_bot_1787655374314: Failed to connect to /127.0.0.1:8010
[18:56:15 INFO]: bot issued server command: /gamerule doTileDrops false
[18:56:15 INFO]: [3m[38;5;7m[bot: Gamerule doTileDrops is now set to: false][0m
[18:56:15 INFO]: bot issued server command: /setblock 2 111 2 air destroy
[18:56:15 INFO]: [3m[38;5;7m[bot: Changed the block at 2, 111, 2][0m
[18:56:15 INFO]: bot issued server command: /give @s crafting_table
[18:56:15 INFO]: [3m[38;5;7m[bot: Gave 1 [38;5;15m[Crafting Table][38;5;7m to bot][0m
[18:56:15 INFO]: bot issued server command: /setblock 3 111 -3 air destroy
[18:56:15 INFO]: [3m[38;5;7m[bot: Changed the block at 3, 111, -3][0m
[18:56:15 INFO]: bot issued server command: /give @s furnace
[18:56:15 INFO]: [3m[38;5;7m[bot: Gave 1 [38;5;15m[Furnace][38;5;7m to bot][0m
[18:56:15 INFO]: bot issued server command: /gamerule doTileDrops true
[18:56:15 INFO]: [3m[38;5;7m[bot: Gamerule doTileDrops is now set to: true][0m
[18:56:16 INFO]: bot issued server command: /pause
[18:56:22 INFO]: bot issued server command: /pause
[18:56:23 INFO]: bot lost connection: Disconnected
[18:56:23 INFO]: [38;5;11mbot left the game[0m
[18:56:24 INFO]: UUID of player bot is 67128b5b-2e6b-3ad1-baa0-1b937b03e5c5
[18:56:24 INFO]: [DriftSystem] [教学] 老玩家加入: bot
[18:56:24 INFO]: [38;5;11mbot joined the game[0m
[18:56:24 INFO]: bot[/[0:0:0:0:0:0:0:1]:53481] logged in with entity id 1284 at ([world]8.5, 124.0, -5.5)
[18:56:25 INFO]: bot issued server command: /gamerule keepInventory true
[18:56:25 INFO]: [3m[38;5;7m[bot: Gamerule keepInventory is now set to: true][0m
[18:56:25 INFO]: bot issued server command: /gamerule doDaylightCycle false
[18:56:25 INFO]: [3m[38;5;7m[bot: Gamerule doDaylightCycle is now set to: false][0m
[18:56:25 INFO]: bot issued server command: /pause
[18:56:26 INFO]: bot issued server command: /pause
[18:56:27 INFO]: [DriftSystem] [PayloadExecutorV1] done build_id=resource_park_bot_1787655387514 executed=759 failed=0 queue_depth=0
[18:56:27 WARN]: [DriftSystem] [PayloadExecutorV1] report failed build_id=resource_park_bot_1787655387514: Failed to connect to /127.0.0.1:8010
[18:56:28 INFO]: bot issued server command: /time set 13000
[18:56:28 INFO]: [3m[38;5;7m[bot: Set the time to 13000][0m
[18:56:28 INFO]: bot issued server command: /difficulty peaceful
[18:56:28 INFO]: bot issued server command: /gamerule doTileDrops false
[18:56:28 INFO]: [3m[38;5;7m[bot: Gamerule doTileDrops is now set to: false][0m
[18:56:28 INFO]: bot issued server command: /setblock 2 111 2 air destroy
[18:56:28 INFO]: [3m[38;5;7m[bot: Changed the block at 2, 111, 2][0m
[18:56:28 INFO]: bot issued server command: /give @s crafting_table
[18:56:28 INFO]: [3m[38;5;7m[bot: Gave 1 [38;5;15m[Crafting Table][38;5;7m to bot][0m
[18:56:28 INFO]: bot issued server command: /setblock 3 111 -3 air destroy
[18:56:28 INFO]: [3m[38;5;7m[bot: Changed the block at 3, 111, -3][0m
[18:56:28 INFO]: bot issued server command: /give @s furnace
[18:56:28 INFO]: [3m[38;5;7m[bot: Gave 1 [38;5;15m[Furnace][38;5;7m to bot][0m
[18:56:28 INFO]: bot issued server command: /gamerule doTileDrops true
[18:56:28 INFO]: [3m[38;5;7m[bot: Gamerule doTileDrops is now set to: true][0m
[18:56:29 INFO]: bot issued server command: /pause
[18:56:34 INFO]: bot lost connection: Disconnected
[18:56:34 INFO]: [38;5;11mbot left the game[0m
[18:57:08 INFO]: UUID of player bot is 67128b5b-2e6b-3ad1-baa0-1b937b03e5c5
[18:57:08 INFO]: [DriftSystem] [教学] 老玩家加入: bot
[18:57:08 INFO]: [38;5;11mbot joined the game[0m
[18:57:08 INFO]: bot[/[0:0:0:0:0:0:0:1]:53621] logged in with entity id 1300 at ([world]8.5, 124.0, -5.5)
[18:57:09 INFO]: bot issued server command: /gamerule keepInventory true
[18:57:09 INFO]: [3m[38;5;7m[bot: Gamerule keepInventory is now set to: true][0m
[18:57:09 INFO]: bot issued server command: /gamerule doDaylightCycle false
[18:57:09 INFO]: [3m[38;5;7m[bot: Gamerule doDaylightCycle is now set to: false][0m
[18:57:09 INFO]: bot issued server command: /pause
[18:57:10 INFO]: bot issued server command: /pause
[18:57:11 INFO]: [DriftSystem] [PayloadExecutorV1] done build_id=resource_park_bot_1787655431565 executed=759 failed=0 queue_depth=0
[18:57:11 WARN]: [DriftSystem] [PayloadExecutorV1] report failed build_id=resource_park_bot_1787655431565: Failed to connect to /127.0.0.1:8010
[18:57:12 INFO]: bot issued server command: /clear @s
[18:57:12 INFO]: [3m[38;5;7m[bot: Removed 94 item(s) from player bot][0m
[18:57:12 INFO]: bot issued server command: /gamerule doTileDrops false
[18:57:12 INFO]: [3m[38;5;7m[bot: Gamerule doTileDrops is now set to: false][0m
[18:57:12 INFO]: bot issued server command: /setblock 2 111 2 air destroy
[18:57:12 INFO]: [3m[38;5;7m[bot: Changed the block at 2, 111, 2][0m
[18:57:12 INFO]: bot issued server command: /give @s crafting_table
[18:57:12 INFO]: [3m[38;5;7m[bot: Gave 1 [38;5;15m[Crafting Table][38;5;7m to bot][0m
[18:57:12 INFO]: bot issued server command: /setblock 3 111 -3 air destroy
[18:57:12 INFO]: [3m[38;5;7m[bot: Changed the block at 3, 111, -3][0m
[18:57:12 INFO]: bot issued server command: /give @s furnace
[18:57:12 INFO]: [3m[38;5;7m[bot: Gave 1 [38;5;15m[Furnace][38;5;7m to bot][0m
[18:57:12 INFO]: bot issued server command: /gamerule doTileDrops true
[18:57:12 INFO]: [3m[38;5;7m[bot: Gamerule doTileDrops is now set to: true][0m
[18:57:13 INFO]: bot issued server command: /pause
[18:57:14 INFO]: bot issued server command: /pause
[18:57:16 INFO]: bot issued server command: /gamerule doTileDrops false
[18:57:16 INFO]: [3m[38;5;7m[bot: Gamerule doTileDrops is now set to: false][0m
[18:57:16 INFO]: bot issued server command: /setblock -2 111 -2 air destroy
[18:57:16 INFO]: [3m[38;5;7m[bot: Changed the block at -2, 111, -2][0m
[18:57:16 INFO]: bot issued server command: /give @s crafting_table
[18:57:16 INFO]: [3m[38;5;7m[bot: Gave 1 [38;5;15m[Crafting Table][38;5;7m to bot][0m
[18:57:17 INFO]: bot issued server command: /gamerule doTileDrops true
[18:57:17 INFO]: [3m[38;5;7m[bot: Gamerule doTileDrops is now set to: true][0m
[18:57:18 INFO]: bot issued server command: /pause
[18:57:19 INFO]: bot issued server command: /pause
[18:57:20 INFO]: bot lost connection: Disconnected
[18:57:20 INFO]: [38;5;11mbot left the game[0m
[18:57:22 INFO]: UUID of player bot is 67128b5b-2e6b-3ad1-baa0-1b937b03e5c5
[18:57:22 INFO]: [DriftSystem] [教学] 老玩家加入: bot
[18:57:22 INFO]: [38;5;11mbot joined the game[0m
[18:57:22 INFO]: bot[/[0:0:0:0:0:0:0:1]:53651] logged in with entity id 1316 at ([world]8.5, 124.0, -5.5)
[18:57:23 INFO]: bot issued server command: /gamerule keepInventory true
[18:57:23 INFO]: [3m[38;5;7m[bot: Gamerule keepInventory is now set to: true][0m
[18:57:23 INFO]: bot issued server command: /gamerule doDaylightCycle false
[18:57:23 INFO]: [3m[38;5;7m[bot: Gamerule doDaylightCycle is now set to: false][0m
[18:57:23 INFO]: bot issued server command: /pause
[18:57:24 INFO]: bot issued server command: /pause
[18:57:25 INFO]: [DriftSystem] [PayloadExecutorV1] done build_id=resource_park_bot_1787655445015 executed=759 failed=0 queue_depth=0
[18:57:25 WARN]: [DriftSystem] [PayloadExecutorV1] report failed build_id=resource_park_bot_1787655445015: Failed to connect to /127.0.0.1:8010
[18:57:26 INFO]: bot issued server command: /time set 15000
[18:57:26 INFO]: [3m[38;5;7m[bot: Set the time to 15000][0m
[18:57:26 INFO]: bot issued server command: /difficulty peaceful
[18:57:26 INFO]: bot issued server command: /gamerule doTileDrops false
[18:57:26 INFO]: [3m[38;5;7m[bot: Gamerule doTileDrops is now set to: false][0m
[18:57:26 INFO]: bot issued server command: /setblock 2 111 2 air destroy
[18:57:26 INFO]: [3m[38;5;7m[bot: Changed the block at 2, 111, 2][0m
[18:57:26 INFO]: bot issued server command: /give @s crafting_table
[18:57:26 INFO]: [3m[38;5;7m[bot: Gave 1 [38;5;15m[Crafting Table][38;5;7m to bot][0m
[18:57:26 INFO]: bot issued server command: /setblock 3 111 -3 air destroy
[18:57:26 INFO]: [3m[38;5;7m[bot: Changed the block at 3, 111, -3][0m
[18:57:26 INFO]: bot issued server command: /give @s furnace
[18:57:26 INFO]: [3m[38;5;7m[bot: Gave 1 [38;5;15m[Furnace][38;5;7m to bot][0m
[18:57:26 INFO]: bot issued server command: /gamerule doTileDrops true
[18:57:26 INFO]: [3m[38;5;7m[bot: Gamerule doTileDrops is now set to: true][0m
[18:57:27 INFO]: bot issued server command: /pause
[18:57:33 INFO]: bot issued server command: /pause
[18:57:34 INFO]: bot lost connection: Disconnected
[18:57:34 INFO]: [38;5;11mbot left the game[0m
[18:57:35 INFO]: UUID of player bot is 67128b5b-2e6b-3ad1-baa0-1b937b03e5c5
[18:57:35 INFO]: [DriftSystem] [教学] 老玩家加入: bot
[18:57:35 INFO]: [38;5;11mbot joined the game[0m
[18:57:35 INFO]: bot[/[0:0:0:0:0:0:0:1]:53694] logged in with entity id 1325 at ([world]8.5, 124.0, -5.5)
[18:57:37 INFO]: bot issued server command: /gamerule keepInventory true
[18:57:37 INFO]: [3m[38;5;7m[bot: Gamerule keepInventory is now set to: true][0m
[18:57:37 INFO]: bot issued server command: /gamerule doDaylightCycle false
[18:57:37 INFO]: [3m[38;5;7m[bot: Gamerule doDaylightCycle is now set to: false][0m
[18:57:37 INFO]: bot issued server command: /pause
[18:57:38 INFO]: bot issued server command: /pause
[18:57:39 INFO]: [DriftSystem] [PayloadExecutorV1] done build_id=resource_park_bot_1787655458915 executed=759 failed=0 queue_depth=0
[18:57:39 WARN]: [DriftSystem] [PayloadExecutorV1] report failed build_id=resource_park_bot_1787655458915: Failed to connect to /127.0.0.1:8010
[18:57:40 INFO]: bot issued server command: /gamerule doTileDrops false
[18:57:40 INFO]: [3m[38;5;7m[bot: Gamerule doTileDrops is now set to: false][0m
[18:57:40 INFO]: bot issued server command: /setblock 2 111 2 air destroy
[18:57:40 INFO]: [3m[38;5;7m[bot: Changed the block at 2, 111, 2][0m
[18:57:40 INFO]: bot issued server command: /give @s crafting_table
[18:57:40 INFO]: [3m[38;5;7m[bot: Gave 1 [38;5;15m[Crafting Table][38;5;7m to bot][0m
[18:57:40 INFO]: bot issued server command: /setblock 3 111 -3 air destroy
[18:57:40 INFO]: [3m[38;5;7m[bot: Changed the block at 3, 111, -3][0m
[18:57:40 INFO]: bot issued server command: /give @s furnace
[18:57:40 INFO]: [3m[38;5;7m[bot: Gave 1 [38;5;15m[Furnace][38;5;7m to bot][0m
[18:57:40 INFO]: bot issued server command: /gamerule doTileDrops true
[18:57:40 INFO]: [3m[38;5;7m[bot: Gamerule doTileDrops is now set to: true][0m
[18:57:41 INFO]: bot issued server command: /pause
[18:57:42 INFO]: bot issued server command: /pause
[18:57:43 INFO]: bot lost connection: Disconnected
[18:57:43 INFO]: [38;5;11mbot left the game[0m
[18:57:44 INFO]: UUID of player bot is 67128b5b-2e6b-3ad1-baa0-1b937b03e5c5
[18:57:44 INFO]: [DriftSystem] [教学] 老玩家加入: bot
[18:57:44 INFO]: [38;5;11mbot joined the game[0m
[18:57:44 INFO]: bot[/[0:0:0:0:0:0:0:1]:53720] logged in with entity id 1332 at ([world]8.5, 124.0, -5.5)
[18:57:45 INFO]: bot issued server command: /gamerule keepInventory true
[18:57:45 INFO]: [3m[38;5;7m[bot: Gamerule keepInventory is now set to: true][0m
[18:57:45 INFO]: bot issued server command: /gamerule doDaylightCycle false
[18:57:45 INFO]: [3m[38;5;7m[bot: Gamerule doDaylightCycle is now set to: false][0m
[18:57:45 INFO]: bot issued server command: /pause
[18:57:46 INFO]: bot issued server command: /pause
[18:57:48 INFO]: [DriftSystem] [PayloadExecutorV1] done build_id=resource_park_bot_1787655467615 executed=759 failed=0 queue_depth=0
[18:57:48 WARN]: [DriftSystem] [PayloadExecutorV1] report failed build_id=resource_park_bot_1787655467615: Failed to connect to /127.0.0.1:8010
[18:57:48 INFO]: bot issued server command: /time set 17000
[18:57:48 INFO]: [3m[38;5;7m[bot: Set the time to 17000][0m
[18:57:48 INFO]: bot issued server command: /difficulty peaceful
[18:57:48 INFO]: bot issued server command: /gamerule doTileDrops false
[18:57:48 INFO]: [3m[38;5;7m[bot: Gamerule doTileDrops is now set to: false][0m
[18:57:48 INFO]: bot issued server command: /setblock 2 111 2 air destroy
[18:57:48 INFO]: [3m[38;5;7m[bot: Changed the block at 2, 111, 2][0m
[18:57:48 INFO]: bot issued server command: /give @s crafting_table
[18:57:48 INFO]: [3m[38;5;7m[bot: Gave 1 [38;5;15m[Crafting Table][38;5;7m to bot][0m
[18:57:48 INFO]: bot issued server command: /setblock 3 111 -3 air destroy
[18:57:48 INFO]: [3m[38;5;7m[bot: Changed the block at 3, 111, -3][0m
[18:57:48 INFO]: bot issued server command: /give @s furnace
[18:57:48 INFO]: [3m[38;5;7m[bot: Gave 1 [38;5;15m[Furnace][38;5;7m to bot][0m
[18:57:48 INFO]: bot issued server command: /gamerule doTileDrops true
[18:57:48 INFO]: [3m[38;5;7m[bot: Gamerule doTileDrops is now set to: true][0m
[18:57:49 INFO]: bot issued server command: /pause
[18:57:59 INFO]: bot issued server command: /pause
[18:58:00 INFO]: bot lost connection: Disconnected
[18:58:00 INFO]: [38;5;11mbot left the game[0m
[18:58:01 INFO]: UUID of player bot is 67128b5b-2e6b-3ad1-baa0-1b937b03e5c5
[18:58:01 INFO]: [DriftSystem] [教学] 老玩家加入: bot
[18:58:01 INFO]: [38;5;11mbot joined the game[0m
[18:58:01 INFO]: bot[/[0:0:0:0:0:0:0:1]:53747] logged in with entity id 1342 at ([world]8.5, 124.0, -5.5)
[18:58:02 INFO]: bot issued server command: /gamerule keepInventory true
[18:58:02 INFO]: [3m[38;5;7m[bot: Gamerule keepInventory is now set to: true][0m
[18:58:02 INFO]: bot issued server command: /gamerule doDaylightCycle false
[18:58:02 INFO]: [3m[38;5;7m[bot: Gamerule doDaylightCycle is now set to: false][0m
[18:58:02 INFO]: bot issued server command: /pause
[18:58:03 INFO]: bot issued server command: /pause
[18:58:05 INFO]: [DriftSystem] [PayloadExecutorV1] done build_id=resource_park_bot_1787655484715 executed=759 failed=0 queue_depth=0
[18:58:05 WARN]: [DriftSystem] [PayloadExecutorV1] report failed build_id=resource_park_bot_1787655484715: Failed to connect to /127.0.0.1:8010
[18:58:05 INFO]: bot issued server command: /gamerule doTileDrops false
[18:58:05 INFO]: [3m[38;5;7m[bot: Gamerule doTileDrops is now set to: false][0m
[18:58:05 INFO]: bot issued server command: /setblock 2 111 2 air destroy
[18:58:05 INFO]: [3m[38;5;7m[bot: Changed the block at 2, 111, 2][0m
[18:58:05 INFO]: bot issued server command: /give @s crafting_table
[18:58:05 INFO]: [3m[38;5;7m[bot: Gave 1 [38;5;15m[Crafting Table][38;5;7m to bot][0m
[18:58:05 INFO]: bot issued server command: /setblock 3 111 -3 air destroy
[18:58:05 INFO]: [3m[38;5;7m[bot: Changed the block at 3, 111, -3][0m
[18:58:05 INFO]: bot issued server command: /give @s furnace
[18:58:05 INFO]: [3m[38;5;7m[bot: Gave 1 [38;5;15m[Furnace][38;5;7m to bot][0m
[18:58:05 INFO]: bot issued server command: /gamerule doTileDrops true
[18:58:05 INFO]: [3m[38;5;7m[bot: Gamerule doTileDrops is now set to: true][0m
[18:58:06 INFO]: bot issued server command: /pause
[18:58:10 INFO]: bot issued server command: /pause
[18:58:11 INFO]: bot lost connection: Disconnected
[18:58:11 INFO]: [38;5;11mbot left the game[0m
[18:58:13 INFO]: UUID of player bot is 67128b5b-2e6b-3ad1-baa0-1b937b03e5c5
[18:58:13 INFO]: [DriftSystem] [教学] 老玩家加入: bot
[18:58:13 INFO]: [38;5;11mbot joined the game[0m
[18:58:13 INFO]: bot[/[0:0:0:0:0:0:0:1]:53804] logged in with entity id 1350 at ([world]8.5, 124.0, -5.5)
[18:58:14 INFO]: bot issued server command: /gamerule keepInventory true
[18:58:14 INFO]: [3m[38;5;7m[bot: Gamerule keepInventory is now set to: true][0m
[18:58:14 INFO]: bot issued server command: /gamerule doDaylightCycle false
[18:58:14 INFO]: [3m[38;5;7m[bot: Gamerule doDaylightCycle is now set to: false][0m
[18:58:14 INFO]: bot issued server command: /pause
[18:58:15 INFO]: bot issued server command: /pause
[18:58:16 INFO]: [DriftSystem] [PayloadExecutorV1] done build_id=resource_park_bot_1787655496115 executed=759 failed=0 queue_depth=0
[18:58:16 WARN]: [DriftSystem] [PayloadExecutorV1] report failed build_id=resource_park_bot_1787655496115: Failed to connect to /127.0.0.1:8010
[18:58:17 INFO]: bot issued server command: /time set 19000
[18:58:17 INFO]: [3m[38;5;7m[bot: Set the time to 19000][0m
[18:58:17 INFO]: bot issued server command: /difficulty peaceful
[18:58:17 INFO]: bot issued server command: /gamerule doTileDrops false
[18:58:17 INFO]: [3m[38;5;7m[bot: Gamerule doTileDrops is now set to: false][0m
[18:58:17 INFO]: bot issued server command: /setblock 2 111 2 air destroy
[18:58:17 INFO]: [3m[38;5;7m[bot: Changed the block at 2, 111, 2][0m
[18:58:17 INFO]: bot issued server command: /give @s crafting_table
[18:58:17 INFO]: [3m[38;5;7m[bot: Gave 1 [38;5;15m[Crafting Table][38;5;7m to bot][0m
[18:58:17 INFO]: bot issued server command: /setblock 3 111 -3 air destroy
[18:58:17 INFO]: [3m[38;5;7m[bot: Changed the block at 3, 111, -3][0m
[18:58:17 INFO]: bot issued server command: /give @s furnace
[18:58:17 INFO]: [3m[38;5;7m[bot: Gave 1 [38;5;15m[Furnace][38;5;7m to bot][0m
[18:58:17 INFO]: bot issued server command: /gamerule doTileDrops true
[18:58:17 INFO]: [3m[38;5;7m[bot: Gamerule doTileDrops is now set to: true][0m
[18:58:18 INFO]: bot issued server command: /pause
[18:58:24 INFO]: bot issued server command: /pause
[18:58:25 INFO]: bot lost connection: Disconnected
[18:58:25 INFO]: [38;5;11mbot left the game[0m
[18:58:27 INFO]: UUID of player bot is 67128b5b-2e6b-3ad1-baa0-1b937b03e5c5
[18:58:27 INFO]: [DriftSystem] [教学] 老玩家加入: bot
[18:58:27 INFO]: [38;5;11mbot joined the game[0m
[18:58:27 INFO]: bot[/[0:0:0:0:0:0:0:1]:53845] logged in with entity id 1365 at ([world]8.5, 124.0, -5.5)
[18:58:28 INFO]: bot issued server command: /gamerule keepInventory true
[18:58:28 INFO]: [3m[38;5;7m[bot: Gamerule keepInventory is now set to: true][0m
[18:58:28 INFO]: bot issued server command: /gamerule doDaylightCycle false
[18:58:28 INFO]: [3m[38;5;7m[bot: Gamerule doDaylightCycle is now set to: false][0m
[18:58:28 INFO]: bot issued server command: /pause
[18:58:29 INFO]: bot issued server command: /pause
[18:58:30 INFO]: [DriftSystem] [PayloadExecutorV1] done build_id=resource_park_bot_1787655510215 executed=759 failed=0 queue_depth=0
[18:58:30 WARN]: [DriftSystem] [PayloadExecutorV1] report failed build_id=resource_park_bot_1787655510215: Failed to connect to /127.0.0.1:8010
[18:58:31 INFO]: bot issued server command: /gamerule doTileDrops false
[18:58:31 INFO]: [3m[38;5;7m[bot: Gamerule doTileDrops is now set to: false][0m
[18:58:31 INFO]: bot issued server command: /setblock 2 111 2 air destroy
[18:58:31 INFO]: [3m[38;5;7m[bot: Changed the block at 2, 111, 2][0m
[18:58:31 INFO]: bot issued server command: /give @s crafting_table
[18:58:31 INFO]: [3m[38;5;7m[bot: Gave 1 [38;5;15m[Crafting Table][38;5;7m to bot][0m
[18:58:31 INFO]: bot issued server command: /setblock 3 111 -3 air destroy
[18:58:31 INFO]: [3m[38;5;7m[bot: Changed the block at 3, 111, -3][0m
[18:58:31 INFO]: bot issued server command: /give @s furnace
[18:58:31 INFO]: [3m[38;5;7m[bot: Gave 1 [38;5;15m[Furnace][38;5;7m to bot][0m
[18:58:31 INFO]: bot issued server command: /gamerule doTileDrops true
[18:58:31 INFO]: [3m[38;5;7m[bot: Gamerule doTileDrops is now set to: true][0m
[18:58:32 INFO]: bot issued server command: /pause
[18:58:33 INFO]: bot issued server command: /pause
[18:58:34 INFO]: bot lost connection: Disconnected
[18:58:34 INFO]: [38;5;11mbot left the game[0m
[18:58:35 INFO]: UUID of player bot is 67128b5b-2e6b-3ad1-baa0-1b937b03e5c5
[18:58:35 INFO]: [DriftSystem] [教学] 老玩家加入: bot
[18:58:35 INFO]: [38;5;11mbot joined the game[0m
[18:58:35 INFO]: bot[/[0:0:0:0:0:0:0:1]:53889] logged in with entity id 1371 at ([world]8.5, 124.0, -5.5)
[18:58:37 INFO]: bot issued server command: /gamerule keepInventory true
[18:58:37 INFO]: [3m[38;5;7m[bot: Gamerule keepInventory is now set to: true][0m
[18:58:37 INFO]: bot issued server command: /gamerule doDaylightCycle false
[18:58:37 INFO]: [3m[38;5;7m[bot: Gamerule doDaylightCycle is now set to: false][0m
[18:58:37 INFO]: bot issued server command: /pause
[18:58:38 INFO]: bot issued server command: /pause
[18:58:39 INFO]: [DriftSystem] [PayloadExecutorV1] done build_id=resource_park_bot_1787655518915 executed=759 failed=0 queue_depth=0
[18:58:39 WARN]: [DriftSystem] [PayloadExecutorV1] report failed build_id=resource_park_bot_1787655518915: Failed to connect to /127.0.0.1:8010
[18:58:40 INFO]: bot issued server command: /time set 21000
[18:58:40 INFO]: [3m[38;5;7m[bot: Set the time to 21000][0m
[18:58:40 INFO]: bot issued server command: /difficulty peaceful
[18:58:40 INFO]: bot issued server command: /gamerule doTileDrops false
[18:58:40 INFO]: [3m[38;5;7m[bot: Gamerule doTileDrops is now set to: false][0m
[18:58:40 INFO]: bot issued server command: /setblock 2 111 2 air destroy
[18:58:40 INFO]: [3m[38;5;7m[bot: Changed the block at 2, 111, 2][0m
[18:58:40 INFO]: bot issued server command: /give @s crafting_table
[18:58:40 INFO]: [3m[38;5;7m[bot: Gave 1 [38;5;15m[Crafting Table][38;5;7m to bot][0m
[18:58:40 INFO]: bot issued server command: /setblock 3 111 -3 air destroy
[18:58:40 INFO]: [3m[38;5;7m[bot: Changed the block at 3, 111, -3][0m
[18:58:40 INFO]: bot issued server command: /give @s furnace
[18:58:40 INFO]: [3m[38;5;7m[bot: Gave 1 [38;5;15m[Furnace][38;5;7m to bot][0m
[18:58:40 INFO]: bot issued server command: /gamerule doTileDrops true
[18:58:40 INFO]: [3m[38;5;7m[bot: Gamerule doTileDrops is now set to: true][0m
[18:58:41 INFO]: bot issued server command: /pause
[18:58:50 INFO]: bot issued server command: /pause
[18:58:51 INFO]: bot lost connection: Disconnected
[18:58:51 INFO]: [38;5;11mbot left the game[0m
[18:58:53 INFO]: UUID of player bot is 67128b5b-2e6b-3ad1-baa0-1b937b03e5c5
[18:58:53 INFO]: [DriftSystem] [教学] 老玩家加入: bot
[18:58:53 INFO]: [38;5;11mbot joined the game[0m
[18:58:53 INFO]: bot[/[0:0:0:0:0:0:0:1]:53932] logged in with entity id 1380 at ([world]8.5, 124.0, -5.5)
[18:58:54 INFO]: bot issued server command: /gamerule keepInventory true
[18:58:54 INFO]: [3m[38;5;7m[bot: Gamerule keepInventory is now set to: true][0m
[18:58:54 INFO]: bot issued server command: /gamerule doDaylightCycle false
[18:58:54 INFO]: [3m[38;5;7m[bot: Gamerule doDaylightCycle is now set to: false][0m
[18:58:54 INFO]: bot issued server command: /pause
[18:58:55 INFO]: bot issued server command: /pause
[18:58:56 INFO]: [DriftSystem] [PayloadExecutorV1] done build_id=resource_park_bot_1787655536315 executed=759 failed=0 queue_depth=0
[18:58:56 WARN]: [DriftSystem] [PayloadExecutorV1] report failed build_id=resource_park_bot_1787655536315: Failed to connect to /127.0.0.1:8010
[18:58:57 INFO]: bot issued server command: /gamerule doTileDrops false
[18:58:57 INFO]: [3m[38;5;7m[bot: Gamerule doTileDrops is now set to: false][0m
[18:58:57 INFO]: bot issued server command: /setblock 2 111 2 air destroy
[18:58:57 INFO]: [3m[38;5;7m[bot: Changed the block at 2, 111, 2][0m
[18:58:57 INFO]: bot issued server command: /give @s crafting_table
[18:58:57 INFO]: [3m[38;5;7m[bot: Gave 1 [38;5;15m[Crafting Table][38;5;7m to bot][0m
[18:58:57 INFO]: bot issued server command: /setblock 3 111 -3 air destroy
[18:58:57 INFO]: [3m[38;5;7m[bot: Changed the block at 3, 111, -3][0m
[18:58:57 INFO]: bot issued server command: /give @s furnace
[18:58:57 INFO]: [3m[38;5;7m[bot: Gave 1 [38;5;15m[Furnace][38;5;7m to bot][0m
[18:58:57 INFO]: bot issued server command: /gamerule doTileDrops true
[18:58:57 INFO]: [3m[38;5;7m[bot: Gamerule doTileDrops is now set to: true][0m
[18:58:58 INFO]: bot issued server command: /pause
[18:59:02 INFO]: bot issued server command: /pause
[18:59:03 INFO]: bot lost connection: Disconnected
[18:59:03 INFO]: [38;5;11mbot left the game[0m
[18:59:04 INFO]: UUID of player bot is 67128b5b-2e6b-3ad1-baa0-1b937b03e5c5
[18:59:05 INFO]: [DriftSystem] [教学] 老玩家加入: bot
[18:59:05 INFO]: [38;5;11mbot joined the game[0m
[18:59:05 INFO]: bot[/[0:0:0:0:0:0:0:1]:53970] logged in with entity id 1392 at ([world]8.5, 124.0, -5.5)
[18:59:06 INFO]: bot issued server command: /gamerule keepInventory true
[18:59:06 INFO]: [3m[38;5;7m[bot: Gamerule keepInventory is now set to: true][0m
[18:59:06 INFO]: bot issued server command: /gamerule doDaylightCycle false
[18:59:06 INFO]: [3m[38;5;7m[bot: Gamerule doDaylightCycle is now set to: false][0m
[18:59:06 INFO]: bot issued server command: /pause
[18:59:07 INFO]: bot issued server command: /pause
[18:59:08 INFO]: [DriftSystem] [PayloadExecutorV1] done build_id=resource_park_bot_1787655548015 executed=759 failed=0 queue_depth=0
[18:59:08 WARN]: [DriftSystem] [PayloadExecutorV1] report failed build_id=resource_park_bot_1787655548015: Failed to connect to /127.0.0.1:8010
[18:59:09 INFO]: bot issued server command: /time set 23000
[18:59:09 INFO]: [3m[38;5;7m[bot: Set the time to 23000][0m
[18:59:09 INFO]: bot issued server command: /difficulty peaceful
[18:59:09 INFO]: bot issued server command: /gamerule doTileDrops false
[18:59:09 INFO]: [3m[38;5;7m[bot: Gamerule doTileDrops is now set to: false][0m
[18:59:09 INFO]: bot issued server command: /setblock 2 111 2 air destroy
[18:59:09 INFO]: [3m[38;5;7m[bot: Changed the block at 2, 111, 2][0m
[18:59:09 INFO]: bot issued server command: /give @s crafting_table
[18:59:09 INFO]: [3m[38;5;7m[bot: Gave 1 [38;5;15m[Crafting Table][38;5;7m to bot][0m
[18:59:09 INFO]: bot issued server command: /setblock 3 111 -3 air destroy
[18:59:09 INFO]: [3m[38;5;7m[bot: Changed the block at 3, 111, -3][0m
[18:59:09 INFO]: bot issued server command: /give @s furnace
[18:59:09 INFO]: [3m[38;5;7m[bot: Gave 1 [38;5;15m[Furnace][38;5;7m to bot][0m
[18:59:09 INFO]: bot issued server command: /gamerule doTileDrops true
[18:59:09 INFO]: [3m[38;5;7m[bot: Gamerule doTileDrops is now set to: true][0m
[18:59:10 INFO]: bot issued server command: /pause
[18:59:15 INFO]: bot issued server command: /pause
[18:59:16 INFO]: bot lost connection: Disconnected
[18:59:16 INFO]: [38;5;11mbot left the game[0m
[18:59:18 INFO]: UUID of player bot is 67128b5b-2e6b-3ad1-baa0-1b937b03e5c5
[18:59:18 INFO]: [DriftSystem] [教学] 老玩家加入: bot
[18:59:18 INFO]: [38;5;11mbot joined the game[0m
[18:59:18 INFO]: bot[/[0:0:0:0:0:0:0:1]:54005] logged in with entity id 1400 at ([world]8.5, 124.0, -5.5)
[18:59:19 INFO]: bot issued server command: /gamerule keepInventory true
[18:59:19 INFO]: [3m[38;5;7m[bot: Gamerule keepInventory is now set to: true][0m
[18:59:19 INFO]: bot issued server command: /gamerule doDaylightCycle false
[18:59:19 INFO]: [3m[38;5;7m[bot: Gamerule doDaylightCycle is now set to: false][0m
[18:59:19 INFO]: bot issued server command: /pause
[18:59:20 INFO]: bot issued server command: /pause
[18:59:21 INFO]: [DriftSystem] [PayloadExecutorV1] done build_id=resource_park_bot_1787655561415 executed=759 failed=0 queue_depth=0
[18:59:21 WARN]: [DriftSystem] [PayloadExecutorV1] report failed build_id=resource_park_bot_1787655561415: Failed to connect to /127.0.0.1:8010
[18:59:22 INFO]: bot issued server command: /gamerule doTileDrops false
[18:59:22 INFO]: [3m[38;5;7m[bot: Gamerule doTileDrops is now set to: false][0m
[18:59:22 INFO]: bot issued server command: /setblock 2 111 2 air destroy
[18:59:22 INFO]: [3m[38;5;7m[bot: Changed the block at 2, 111, 2][0m
[18:59:22 INFO]: bot issued server command: /give @s crafting_table
[18:59:22 INFO]: [3m[38;5;7m[bot: Gave 1 [38;5;15m[Crafting Table][38;5;7m to bot][0m
[18:59:22 INFO]: bot issued server command: /setblock 3 111 -3 air destroy
[18:59:22 INFO]: [3m[38;5;7m[bot: Changed the block at 3, 111, -3][0m
[18:59:22 INFO]: bot issued server command: /give @s furnace
[18:59:22 INFO]: [3m[38;5;7m[bot: Gave 1 [38;5;15m[Furnace][38;5;7m to bot][0m
[18:59:22 INFO]: bot issued server command: /gamerule doTileDrops true
[18:59:22 INFO]: [3m[38;5;7m[bot: Gamerule doTileDrops is now set to: true][0m
[18:59:23 INFO]: bot issued server command: /pause
[18:59:24 INFO]: bot issued server command: /pause
[18:59:25 INFO]: bot lost connection: Disconnected
[18:59:25 INFO]: [38;5;11mbot left the game[0m
[18:59:27 INFO]: UUID of player bot is 67128b5b-2e6b-3ad1-baa0-1b937b03e5c5
[18:59:27 INFO]: [DriftSystem] [教学] 老玩家加入: bot
[18:59:27 INFO]: [38;5;11mbot joined the game[0m
[18:59:27 INFO]: bot[/[0:0:0:0:0:0:0:1]:54024] logged in with entity id 1407 at ([world]8.5, 124.0, -5.5)
[18:59:28 INFO]: bot issued server command: /gamerule keepInventory true
[18:59:28 INFO]: [3m[38;5;7m[bot: Gamerule keepInventory is now set to: true][0m
[18:59:28 INFO]: bot issued server command: /gamerule doDaylightCycle false
[18:59:28 INFO]: [3m[38;5;7m[bot: Gamerule doDaylightCycle is now set to: false][0m
[18:59:28 INFO]: bot issued server command: /pause
[18:59:29 INFO]: bot issued server command: /pause
[18:59:30 INFO]: [DriftSystem] [PayloadExecutorV1] done build_id=resource_park_bot_1787655570115 executed=759 failed=0 queue_depth=0
[18:59:30 WARN]: [DriftSystem] [PayloadExecutorV1] report failed build_id=resource_park_bot_1787655570115: Failed to connect to /127.0.0.1:8010
[18:59:31 INFO]: bot issued server command: /time set 1000
[18:59:31 INFO]: [3m[38;5;7m[bot: Set the time to 1000][0m
[18:59:31 INFO]: bot issued server command: /difficulty peaceful
[18:59:31 INFO]: bot issued server command: /gamerule doTileDrops false
[18:59:31 INFO]: [3m[38;5;7m[bot: Gamerule doTileDrops is now set to: false][0m
[18:59:31 INFO]: bot issued server command: /setblock 2 111 2 air destroy
[18:59:31 INFO]: [3m[38;5;7m[bot: Changed the block at 2, 111, 2][0m
[18:59:31 INFO]: bot issued server command: /give @s crafting_table
[18:59:31 INFO]: [3m[38;5;7m[bot: Gave 1 [38;5;15m[Crafting Table][38;5;7m to bot][0m
[18:59:31 INFO]: bot issued server command: /setblock 3 111 -3 air destroy
[18:59:31 INFO]: [3m[38;5;7m[bot: Changed the block at 3, 111, -3][0m
[18:59:31 INFO]: bot issued server command: /give @s furnace
[18:59:31 INFO]: [3m[38;5;7m[bot: Gave 1 [38;5;15m[Furnace][38;5;7m to bot][0m
[18:59:31 INFO]: bot issued server command: /gamerule doTileDrops true
[18:59:31 INFO]: [3m[38;5;7m[bot: Gamerule doTileDrops is now set to: true][0m
[18:59:32 INFO]: bot issued server command: /pause
[18:59:41 INFO]: bot issued server command: /pause
[18:59:42 INFO]: bot lost connection: Disconnected
[18:59:42 INFO]: [38;5;11mbot left the game[0m
[18:59:44 INFO]: UUID of player bot is 67128b5b-2e6b-3ad1-baa0-1b937b03e5c5
[18:59:44 INFO]: [DriftSystem] [教学] 老玩家加入: bot
[18:59:44 INFO]: [38;5;11mbot joined the game[0m
[18:59:44 INFO]: bot[/[0:0:0:0:0:0:0:1]:54069] logged in with entity id 1420 at ([world]8.5, 124.0, -5.5)
[18:59:45 INFO]: bot issued server command: /gamerule keepInventory true
[18:59:45 INFO]: [3m[38;5;7m[bot: Gamerule keepInventory is now set to: true][0m
[18:59:45 INFO]: bot issued server command: /gamerule doDaylightCycle false
[18:59:45 INFO]: [3m[38;5;7m[bot: Gamerule doDaylightCycle is now set to: false][0m
[18:59:45 INFO]: bot issued server command: /pause
[18:59:46 INFO]: bot issued server command: /pause
[18:59:47 INFO]: [DriftSystem] [PayloadExecutorV1] done build_id=resource_park_bot_1787655587065 executed=759 failed=0 queue_depth=0
[18:59:47 WARN]: [DriftSystem] [PayloadExecutorV1] report failed build_id=resource_park_bot_1787655587065: Failed to connect to /127.0.0.1:8010
[18:59:48 INFO]: bot issued server command: /gamerule doTileDrops false
[18:59:48 INFO]: [3m[38;5;7m[bot: Gamerule doTileDrops is now set to: false][0m
[18:59:48 INFO]: bot issued server command: /setblock 2 111 2 air destroy
[18:59:48 INFO]: [3m[38;5;7m[bot: Changed the block at 2, 111, 2][0m
[18:59:48 INFO]: bot issued server command: /give @s crafting_table
[18:59:48 INFO]: [3m[38;5;7m[bot: Gave 1 [38;5;15m[Crafting Table][38;5;7m to bot][0m
[18:59:48 INFO]: bot issued server command: /setblock 3 111 -3 air destroy
[18:59:48 INFO]: [3m[38;5;7m[bot: Changed the block at 3, 111, -3][0m
[18:59:48 INFO]: bot issued server command: /give @s furnace
[18:59:48 INFO]: [3m[38;5;7m[bot: Gave 1 [38;5;15m[Furnace][38;5;7m to bot][0m
[18:59:48 INFO]: bot issued server command: /gamerule doTileDrops true
[18:59:48 INFO]: [3m[38;5;7m[bot: Gamerule doTileDrops is now set to: true][0m
[18:59:49 INFO]: bot issued server command: /pause
[18:59:53 INFO]: bot issued server command: /pause
[18:59:54 INFO]: bot lost connection: Disconnected
[18:59:54 INFO]: [38;5;11mbot left the game[0m
[18:59:56 INFO]: UUID of player bot is 67128b5b-2e6b-3ad1-baa0-1b937b03e5c5
[18:59:56 INFO]: [DriftSystem] [教学] 老玩家加入: bot
[18:59:56 INFO]: [38;5;11mbot joined the game[0m
[18:59:56 INFO]: bot[/[0:0:0:0:0:0:0:1]:54112] logged in with entity id 1428 at ([world]8.5, 124.0, -5.5)
[18:59:57 INFO]: bot issued server command: /gamerule keepInventory true
[18:59:57 INFO]: [3m[38;5;7m[bot: Gamerule keepInventory is now set to: true][0m
[18:59:57 INFO]: bot issued server command: /gamerule doDaylightCycle false
[18:59:57 INFO]: [3m[38;5;7m[bot: Gamerule doDaylightCycle is now set to: false][0m
[18:59:57 INFO]: bot issued server command: /pause
[18:59:58 INFO]: bot issued server command: /pause
[18:59:59 INFO]: [DriftSystem] [PayloadExecutorV1] done build_id=resource_park_bot_1787655599215 executed=759 failed=0 queue_depth=0
[18:59:59 WARN]: [DriftSystem] [PayloadExecutorV1] report failed build_id=resource_park_bot_1787655599215: Failed to connect to /127.0.0.1:8010
[19:00:00 INFO]: bot issued server command: /time set 2000
[19:00:00 INFO]: [3m[38;5;7m[bot: Set the time to 2000][0m
[19:00:00 INFO]: bot issued server command: /difficulty peaceful
[19:00:00 INFO]: bot issued server command: /gamerule doTileDrops false
[19:00:00 INFO]: [3m[38;5;7m[bot: Gamerule doTileDrops is now set to: false][0m
[19:00:00 INFO]: bot issued server command: /setblock 2 111 2 air destroy
[19:00:00 INFO]: [3m[38;5;7m[bot: Changed the block at 2, 111, 2][0m
[19:00:00 INFO]: bot issued server command: /give @s crafting_table
[19:00:00 INFO]: [3m[38;5;7m[bot: Gave 1 [38;5;15m[Crafting Table][38;5;7m to bot][0m
[19:00:00 INFO]: bot issued server command: /setblock 3 111 -3 air destroy
[19:00:00 INFO]: [3m[38;5;7m[bot: Changed the block at 3, 111, -3][0m
[19:00:00 INFO]: bot issued server command: /give @s furnace
[19:00:00 INFO]: [3m[38;5;7m[bot: Gave 1 [38;5;15m[Furnace][38;5;7m to bot][0m
[19:00:00 INFO]: bot issued server command: /gamerule doTileDrops true
[19:00:00 INFO]: [3m[38;5;7m[bot: Gamerule doTileDrops is now set to: true][0m
[19:00:01 INFO]: bot issued server command: /pause
[19:00:07 INFO]: bot issued server command: /pause
[19:00:08 INFO]: bot lost connection: Disconnected
[19:00:08 INFO]: [38;5;11mbot left the game[0m
[19:00:10 INFO]: UUID of player bot is 67128b5b-2e6b-3ad1-baa0-1b937b03e5c5
[19:00:10 INFO]: [DriftSystem] [教学] 老玩家加入: bot
[19:00:10 INFO]: [38;5;11mbot joined the game[0m
[19:00:10 INFO]: bot[/[0:0:0:0:0:0:0:1]:54146] logged in with entity id 1437 at ([world]8.5, 124.0, -5.5)
[19:00:11 INFO]: bot issued server command: /gamerule keepInventory true
[19:00:11 INFO]: [3m[38;5;7m[bot: Gamerule keepInventory is now set to: true][0m
[19:00:11 INFO]: bot issued server command: /gamerule doDaylightCycle false
[19:00:11 INFO]: [3m[38;5;7m[bot: Gamerule doDaylightCycle is now set to: false][0m
[19:00:11 INFO]: bot issued server command: /pause
[19:00:12 INFO]: bot issued server command: /pause
[19:00:13 INFO]: [DriftSystem] [PayloadExecutorV1] done build_id=resource_park_bot_1787655613365 executed=759 failed=0 queue_depth=0
[19:00:13 WARN]: [DriftSystem] [PayloadExecutorV1] report failed build_id=resource_park_bot_1787655613365: Failed to connect to /127.0.0.1:8010
[19:00:14 INFO]: bot issued server command: /gamerule doTileDrops false
[19:00:14 INFO]: [3m[38;5;7m[bot: Gamerule doTileDrops is now set to: false][0m
[19:00:14 INFO]: bot issued server command: /setblock 2 111 2 air destroy
[19:00:14 INFO]: [3m[38;5;7m[bot: Changed the block at 2, 111, 2][0m
[19:00:14 INFO]: bot issued server command: /give @s crafting_table
[19:00:14 INFO]: [3m[38;5;7m[bot: Gave 1 [38;5;15m[Crafting Table][38;5;7m to bot][0m
[19:00:14 INFO]: bot issued server command: /setblock 3 111 -3 air destroy
[19:00:14 INFO]: [3m[38;5;7m[bot: Changed the block at 3, 111, -3][0m
[19:00:14 INFO]: bot issued server command: /give @s furnace
[19:00:14 INFO]: [3m[38;5;7m[bot: Gave 1 [38;5;15m[Furnace][38;5;7m to bot][0m
[19:00:14 INFO]: bot issued server command: /gamerule doTileDrops true
[19:00:14 INFO]: [3m[38;5;7m[bot: Gamerule doTileDrops is now set to: true][0m
[19:00:15 INFO]: bot issued server command: /pause
[19:00:16 INFO]: bot issued server command: /pause
[19:00:17 INFO]: bot lost connection: Disconnected
[19:00:17 INFO]: [38;5;11mbot left the game[0m
[19:00:19 INFO]: UUID of player bot is 67128b5b-2e6b-3ad1-baa0-1b937b03e5c5
[19:00:19 INFO]: [DriftSystem] [教学] 老玩家加入: bot
[19:00:19 INFO]: [38;5;11mbot joined the game[0m
[19:00:19 INFO]: bot[/[0:0:0:0:0:0:0:1]:54174] logged in with entity id 1444 at ([world]8.5, 124.0, -5.5)
[19:00:20 INFO]: bot issued server command: /gamerule keepInventory true
[19:00:20 INFO]: [3m[38;5;7m[bot: Gamerule keepInventory is now set to: true][0m
[19:00:20 INFO]: bot issued server command: /gamerule doDaylightCycle false
[19:00:20 INFO]: [3m[38;5;7m[bot: Gamerule doDaylightCycle is now set to: false][0m
[19:00:20 INFO]: bot issued server command: /pause
[19:00:21 INFO]: bot issued server command: /pause
[19:00:22 INFO]: [DriftSystem] [PayloadExecutorV1] done build_id=resource_park_bot_1787655622065 executed=759 failed=0 queue_depth=0
[19:00:22 WARN]: [DriftSystem] [PayloadExecutorV1] report failed build_id=resource_park_bot_1787655622065: Failed to connect to /127.0.0.1:8010
[19:00:23 INFO]: bot issued server command: /time set 3000
[19:00:23 INFO]: [3m[38;5;7m[bot: Set the time to 3000][0m
[19:00:23 INFO]: bot issued server command: /difficulty peaceful
[19:00:23 INFO]: bot issued server command: /gamerule doTileDrops false
[19:00:23 INFO]: [3m[38;5;7m[bot: Gamerule doTileDrops is now set to: false][0m
[19:00:23 INFO]: bot issued server command: /setblock 2 111 2 air destroy
[19:00:23 INFO]: [3m[38;5;7m[bot: Changed the block at 2, 111, 2][0m
[19:00:23 INFO]: bot issued server command: /give @s crafting_table
[19:00:23 INFO]: [3m[38;5;7m[bot: Gave 1 [38;5;15m[Crafting Table][38;5;7m to bot][0m
[19:00:23 INFO]: bot issued server command: /setblock 3 111 -3 air destroy
[19:00:23 INFO]: [3m[38;5;7m[bot: Changed the block at 3, 111, -3][0m
[19:00:23 INFO]: bot issued server command: /give @s furnace
[19:00:23 INFO]: [3m[38;5;7m[bot: Gave 1 [38;5;15m[Furnace][38;5;7m to bot][0m
[19:00:23 INFO]: bot issued server command: /gamerule doTileDrops true
[19:00:23 INFO]: [3m[38;5;7m[bot: Gamerule doTileDrops is now set to: true][0m
[19:00:24 INFO]: bot issued server command: /pause
[19:00:29 INFO]: bot lost connection: Disconnected
[19:00:29 INFO]: [38;5;11mbot left the game[0m
[19:00:52 INFO]: UUID of player bot is 67128b5b-2e6b-3ad1-baa0-1b937b03e5c5
[19:00:52 INFO]: [DriftSystem] [教学] 老玩家加入: bot
[19:00:52 INFO]: [38;5;11mbot joined the game[0m
[19:00:52 INFO]: bot[/[0:0:0:0:0:0:0:1]:54282] logged in with entity id 1452 at ([world]8.5, 124.0, -5.5)
[19:00:53 INFO]: bot issued server command: /gamerule keepInventory true
[19:00:53 INFO]: [3m[38;5;7m[bot: Gamerule keepInventory is now set to: true][0m
[19:00:53 INFO]: bot issued server command: /gamerule doDaylightCycle false
[19:00:53 INFO]: [3m[38;5;7m[bot: Gamerule doDaylightCycle is now set to: false][0m
[19:00:53 INFO]: bot issued server command: /pause
[19:00:54 INFO]: bot issued server command: /pause
[19:00:55 INFO]: [DriftSystem] [PayloadExecutorV1] done build_id=resource_park_bot_1787655655166 executed=759 failed=0 queue_depth=0
[19:00:55 WARN]: [DriftSystem] [PayloadExecutorV1] report failed build_id=resource_park_bot_1787655655166: Failed to connect to /127.0.0.1:8010
[19:00:56 INFO]: bot issued server command: /clear @s
[19:00:56 INFO]: [3m[38;5;7m[bot: Removed 33 item(s) from player bot][0m
[19:00:56 INFO]: bot issued server command: /gamerule doTileDrops false
[19:00:56 INFO]: [3m[38;5;7m[bot: Gamerule doTileDrops is now set to: false][0m
[19:00:56 INFO]: bot issued server command: /setblock 2 111 2 air destroy
[19:00:56 INFO]: [3m[38;5;7m[bot: Changed the block at 2, 111, 2][0m
[19:00:56 INFO]: bot issued server command: /give @s crafting_table
[19:00:56 INFO]: [3m[38;5;7m[bot: Gave 1 [38;5;15m[Crafting Table][38;5;7m to bot][0m
[19:00:56 INFO]: bot issued server command: /setblock 3 111 -3 air destroy
[19:00:56 INFO]: [3m[38;5;7m[bot: Changed the block at 3, 111, -3][0m
[19:00:56 INFO]: bot issued server command: /give @s furnace
[19:00:56 INFO]: [3m[38;5;7m[bot: Gave 1 [38;5;15m[Furnace][38;5;7m to bot][0m
[19:00:56 INFO]: bot issued server command: /gamerule doTileDrops true
[19:00:56 INFO]: [3m[38;5;7m[bot: Gamerule doTileDrops is now set to: true][0m
[19:00:57 INFO]: bot issued server command: /pause
[19:00:58 INFO]: bot issued server command: /pause
[19:01:00 INFO]: bot issued server command: /gamerule doTileDrops false
[19:01:00 INFO]: [3m[38;5;7m[bot: Gamerule doTileDrops is now set to: false][0m
[19:01:00 INFO]: bot issued server command: /setblock -2 111 -2 air destroy
[19:01:00 INFO]: [3m[38;5;7m[bot: Changed the block at -2, 111, -2][0m
[19:01:00 INFO]: bot issued server command: /give @s crafting_table
[19:01:00 INFO]: [3m[38;5;7m[bot: Gave 1 [38;5;15m[Crafting Table][38;5;7m to bot][0m
[19:01:01 INFO]: bot issued server command: /gamerule doTileDrops true
[19:01:01 INFO]: [3m[38;5;7m[bot: Gamerule doTileDrops is now set to: true][0m
[19:01:01 INFO]: bot issued server command: /pause
[19:01:02 INFO]: bot issued server command: /pause
[19:01:04 INFO]: bot lost connection: Disconnected
[19:01:04 INFO]: [38;5;11mbot left the game[0m
[19:01:05 INFO]: UUID of player bot is 67128b5b-2e6b-3ad1-baa0-1b937b03e5c5
[19:01:05 INFO]: [DriftSystem] [教学] 老玩家加入: bot
[19:01:05 INFO]: [38;5;11mbot joined the game[0m
[19:01:05 INFO]: bot[/[0:0:0:0:0:0:0:1]:54303] logged in with entity id 1467 at ([world]8.5, 124.0, -5.5)
[19:01:06 INFO]: bot issued server command: /gamerule keepInventory true
[19:01:06 INFO]: [3m[38;5;7m[bot: Gamerule keepInventory is now set to: true][0m
[19:01:06 INFO]: bot issued server command: /gamerule doDaylightCycle false
[19:01:06 INFO]: [3m[38;5;7m[bot: Gamerule doDaylightCycle is now set to: false][0m
[19:01:06 INFO]: bot issued server command: /pause
[19:01:07 INFO]: bot issued server command: /pause
[19:01:08 INFO]: [DriftSystem] [PayloadExecutorV1] done build_id=resource_park_bot_1787655668516 executed=759 failed=0 queue_depth=0
[19:01:08 WARN]: [DriftSystem] [PayloadExecutorV1] report failed build_id=resource_park_bot_1787655668516: Failed to connect to /127.0.0.1:8010
[19:01:09 INFO]: bot issued server command: /time set 4000
[19:01:09 INFO]: [3m[38;5;7m[bot: Set the time to 4000][0m
[19:01:09 INFO]: bot issued server command: /difficulty peaceful
[19:01:09 INFO]: bot issued server command: /gamerule doTileDrops false
[19:01:09 INFO]: [3m[38;5;7m[bot: Gamerule doTileDrops is now set to: false][0m
[19:01:09 INFO]: bot issued server command: /setblock 2 111 2 air destroy
[19:01:09 INFO]: [3m[38;5;7m[bot: Changed the block at 2, 111, 2][0m
[19:01:09 INFO]: bot issued server command: /give @s crafting_table
[19:01:09 INFO]: [3m[38;5;7m[bot: Gave 1 [38;5;15m[Crafting Table][38;5;7m to bot][0m
[19:01:09 INFO]: bot issued server command: /setblock 3 111 -3 air destroy
[19:01:09 INFO]: [3m[38;5;7m[bot: Changed the block at 3, 111, -3][0m
[19:01:09 INFO]: bot issued server command: /give @s furnace
[19:01:09 INFO]: [3m[38;5;7m[bot: Gave 1 [38;5;15m[Furnace][38;5;7m to bot][0m
[19:01:09 INFO]: bot issued server command: /gamerule doTileDrops true
[19:01:09 INFO]: [3m[38;5;7m[bot: Gamerule doTileDrops is now set to: true][0m
[19:01:10 INFO]: bot issued server command: /pause
[19:01:13 INFO]: bot issued server command: /pause
[19:01:15 INFO]: bot issued server command: /give @s minecraft:white_wool 16
[19:01:15 INFO]: [3m[38;5;7m[bot: Gave 16 [38;5;15m[White Wool][38;5;7m to bot][0m
[19:01:15 INFO]: bot issued server command: /gamerule doTileDrops false
[19:01:15 INFO]: [3m[38;5;7m[bot: Gamerule doTileDrops is now set to: false][0m
[19:01:15 INFO]: [DriftSystem] [聊天] 玩家 bot 说: Received 16 white wool.
[19:01:15 INFO]: [DriftSystem] [RuleEventBridge] Emitting event chat for player bot payload={text=Received 16 white wool., quest_event=chat_received_16_white_wool}
[19:01:15 WARN]: [DriftSystem] [RuleEventBridge] emit failed: Failed to connect to /127.0.0.1:8010
[19:01:15 WARN]: [DriftSystem] [IntentRouter2] 请求失败: Failed to connect to /127.0.0.1:8010
[19:01:15 INFO]: [DriftSystem] [聊天] 收到 1 个意图
[19:01:15 INFO]: bot issued server command: /setblock -2 111 -2 air destroy
[19:01:15 INFO]: [3m[38;5;7m[bot: Changed the block at -2, 111, -2][0m
[19:01:15 INFO]: bot issued server command: /give @s crafting_table
[19:01:15 INFO]: [3m[38;5;7m[bot: Gave 1 [38;5;15m[Crafting Table][38;5;7m to bot][0m
[19:01:15 INFO]: [DriftSystem] [DEBUG] intents=[UNKNOWN] player=bot text=Received 16 white wool.
[19:01:15 INFO]: [DriftSystem] [聊天] 分发意图: UNKNOWN, rawText=Received 16 white wool.
[19:01:15 INFO]: [DriftSystem] [剧情推进] 玩家: bot, 文本: Received 16 white wool.
[19:01:15 WARN]: [DriftSystem] [剧情推进] 请求失败: Failed to connect to /127.0.0.1:8010
[19:01:17 INFO]: bot issued server command: /gamerule doTileDrops true
[19:01:17 INFO]: [3m[38;5;7m[bot: Gamerule doTileDrops is now set to: true][0m
[19:01:17 INFO]: bot issued server command: /pause
[19:01:24 INFO]: bot issued server command: /pause
[19:01:25 INFO]: bot lost connection: Disconnected
[19:01:25 INFO]: [38;5;11mbot left the game[0m
[19:01:26 INFO]: UUID of player bot is 67128b5b-2e6b-3ad1-baa0-1b937b03e5c5
[19:01:26 INFO]: [DriftSystem] [教学] 老玩家加入: bot
[19:01:26 INFO]: [38;5;11mbot joined the game[0m
[19:01:26 INFO]: bot[/[0:0:0:0:0:0:0:1]:54354] logged in with entity id 1482 at ([world]8.5, 124.0, -5.5)
[19:01:27 INFO]: bot issued server command: /gamerule keepInventory true
[19:01:27 INFO]: [3m[38;5;7m[bot: Gamerule keepInventory is now set to: true][0m
[19:01:27 INFO]: bot issued server command: /gamerule doDaylightCycle false
[19:01:27 INFO]: [3m[38;5;7m[bot: Gamerule doDaylightCycle is now set to: false][0m
[19:01:27 INFO]: bot issued server command: /pause
[19:01:28 INFO]: bot issued server command: /pause
[19:01:29 INFO]: [DriftSystem] [PayloadExecutorV1] done build_id=resource_park_bot_1787655689516 executed=759 failed=0 queue_depth=0
[19:01:29 WARN]: [DriftSystem] [PayloadExecutorV1] report failed build_id=resource_park_bot_1787655689516: Failed to connect to /127.0.0.1:8010
[19:01:30 INFO]: bot issued server command: /time set 5000
[19:01:30 INFO]: [3m[38;5;7m[bot: Set the time to 5000][0m
[19:01:30 INFO]: bot issued server command: /difficulty peaceful
[19:01:30 INFO]: bot issued server command: /gamerule doTileDrops false
[19:01:30 INFO]: [3m[38;5;7m[bot: Gamerule doTileDrops is now set to: false][0m
[19:01:30 INFO]: bot issued server command: /setblock 2 111 2 air destroy
[19:01:30 INFO]: [3m[38;5;7m[bot: Changed the block at 2, 111, 2][0m
[19:01:30 INFO]: bot issued server command: /give @s crafting_table
[19:01:30 INFO]: [3m[38;5;7m[bot: Gave 1 [38;5;15m[Crafting Table][38;5;7m to bot][0m
[19:01:30 INFO]: bot issued server command: /setblock 3 111 -3 air destroy
[19:01:30 INFO]: [3m[38;5;7m[bot: Changed the block at 3, 111, -3][0m
[19:01:30 INFO]: bot issued server command: /give @s furnace
[19:01:30 INFO]: [3m[38;5;7m[bot: Gave 1 [38;5;15m[Furnace][38;5;7m to bot][0m
[19:01:30 INFO]: bot issued server command: /gamerule doTileDrops true
[19:01:30 INFO]: [3m[38;5;7m[bot: Gamerule doTileDrops is now set to: true][0m
[19:01:31 INFO]: bot issued server command: /pause
[19:01:34 INFO]: bot issued server command: /pause
[19:01:36 INFO]: bot issued server command: /give @s minecraft:white_concrete 16
[19:01:36 INFO]: [3m[38;5;7m[bot: Gave 16 [38;5;15m[White Concrete][38;5;7m to bot][0m
[19:01:36 INFO]: bot issued server command: /gamerule doTileDrops false
[19:01:36 INFO]: [3m[38;5;7m[bot: Gamerule doTileDrops is now set to: false][0m
[19:01:36 INFO]: [DriftSystem] [聊天] 玩家 bot 说: Received 16 white concrete.
[19:01:36 INFO]: [DriftSystem] [RuleEventBridge] Emitting event chat for player bot payload={text=Received 16 white concrete., quest_event=chat_received_16_white_concrete}
[19:01:36 WARN]: [DriftSystem] [RuleEventBridge] emit failed: Failed to connect to /127.0.0.1:8010
[19:01:36 WARN]: [DriftSystem] [IntentRouter2] 请求失败: Failed to connect to /127.0.0.1:8010
[19:01:36 INFO]: [DriftSystem] [聊天] 收到 1 个意图
[19:01:36 INFO]: bot issued server command: /setblock -2 111 -2 air destroy
[19:01:36 INFO]: [3m[38;5;7m[bot: Changed the block at -2, 111, -2][0m
[19:01:36 INFO]: bot issued server command: /give @s crafting_table
[19:01:36 INFO]: [3m[38;5;7m[bot: Gave 1 [38;5;15m[Crafting Table][38;5;7m to bot][0m
[19:01:36 INFO]: [DriftSystem] [DEBUG] intents=[UNKNOWN] player=bot text=Received 16 white concrete.
[19:01:36 INFO]: [DriftSystem] [聊天] 分发意图: UNKNOWN, rawText=Received 16 white concrete.
[19:01:36 INFO]: [DriftSystem] [剧情推进] 玩家: bot, 文本: Received 16 white concrete.
[19:01:36 WARN]: [DriftSystem] [剧情推进] 请求失败: Failed to connect to /127.0.0.1:8010
[19:01:38 INFO]: bot issued server command: /gamerule doTileDrops true
[19:01:38 INFO]: [3m[38;5;7m[bot: Gamerule doTileDrops is now set to: true][0m
[19:01:38 INFO]: bot issued server command: /pause
[19:01:46 INFO]: bot issued server command: /pause
[19:01:47 INFO]: bot lost connection: Disconnected
[19:01:47 INFO]: [38;5;11mbot left the game[0m
[19:01:49 INFO]: UUID of player bot is 67128b5b-2e6b-3ad1-baa0-1b937b03e5c5
[19:01:49 INFO]: [DriftSystem] [教学] 老玩家加入: bot
[19:01:49 INFO]: [38;5;11mbot joined the game[0m
[19:01:49 INFO]: bot[/[0:0:0:0:0:0:0:1]:54421] logged in with entity id 1502 at ([world]8.5, 124.0, -5.5)
[19:01:50 INFO]: bot issued server command: /gamerule keepInventory true
[19:01:50 INFO]: [3m[38;5;7m[bot: Gamerule keepInventory is now set to: true][0m
[19:01:50 INFO]: bot issued server command: /gamerule doDaylightCycle false
[19:01:50 INFO]: [3m[38;5;7m[bot: Gamerule doDaylightCycle is now set to: false][0m
[19:01:50 INFO]: bot issued server command: /pause
[19:01:51 INFO]: bot issued server command: /pause
[19:01:52 INFO]: [DriftSystem] [PayloadExecutorV1] done build_id=resource_park_bot_1787655712366 executed=759 failed=0 queue_depth=0
[19:01:52 WARN]: [DriftSystem] [PayloadExecutorV1] report failed build_id=resource_park_bot_1787655712366: Failed to connect to /127.0.0.1:8010
[19:01:53 INFO]: bot issued server command: /time set 6000
[19:01:53 INFO]: [3m[38;5;7m[bot: Set the time to 6000][0m
[19:01:53 INFO]: bot issued server command: /difficulty peaceful
[19:01:53 INFO]: bot issued server command: /gamerule doTileDrops false
[19:01:53 INFO]: [3m[38;5;7m[bot: Gamerule doTileDrops is now set to: false][0m
[19:01:53 INFO]: bot issued server command: /setblock 2 111 2 air destroy
[19:01:53 INFO]: [3m[38;5;7m[bot: Changed the block at 2, 111, 2][0m
[19:01:53 INFO]: bot issued server command: /give @s crafting_table
[19:01:53 INFO]: [3m[38;5;7m[bot: Gave 1 [38;5;15m[Crafting Table][38;5;7m to bot][0m
[19:01:53 INFO]: bot issued server command: /setblock 3 111 -3 air destroy
[19:01:53 INFO]: [3m[38;5;7m[bot: Changed the block at 3, 111, -3][0m
[19:01:53 INFO]: bot issued server command: /give @s furnace
[19:01:53 INFO]: [3m[38;5;7m[bot: Gave 1 [38;5;15m[Furnace][38;5;7m to bot][0m
[19:01:53 INFO]: bot issued server command: /gamerule doTileDrops true
[19:01:53 INFO]: [3m[38;5;7m[bot: Gamerule doTileDrops is now set to: true][0m
[19:01:54 INFO]: bot issued server command: /pause
[19:01:57 INFO]: bot issued server command: /pause
[19:01:59 INFO]: bot issued server command: /give @s minecraft:white_wool 16
[19:01:59 INFO]: [3m[38;5;7m[bot: Gave 16 [38;5;15m[White Wool][38;5;7m to bot][0m
[19:01:59 INFO]: bot issued server command: /gamerule doTileDrops false
[19:01:59 INFO]: [3m[38;5;7m[bot: Gamerule doTileDrops is now set to: false][0m
[19:01:59 INFO]: [DriftSystem] [聊天] 玩家 bot 说: Received 16 white wool.
[19:01:59 INFO]: [DriftSystem] [RuleEventBridge] Emitting event chat for player bot payload={text=Received 16 white wool., quest_event=chat_received_16_white_wool}
[19:01:59 WARN]: [DriftSystem] [IntentRouter2] 请求失败: Failed to connect to /127.0.0.1:8010
[19:01:59 WARN]: [DriftSystem] [RuleEventBridge] emit failed: Failed to connect to /127.0.0.1:8010
[19:01:59 INFO]: [DriftSystem] [聊天] 收到 1 个意图
[19:01:59 INFO]: bot issued server command: /setblock -2 111 -2 air destroy
[19:01:59 INFO]: [3m[38;5;7m[bot: Changed the block at -2, 111, -2][0m
[19:01:59 INFO]: bot issued server command: /give @s crafting_table
[19:01:59 INFO]: [3m[38;5;7m[bot: Gave 1 [38;5;15m[Crafting Table][38;5;7m to bot][0m
[19:01:59 INFO]: [DriftSystem] [DEBUG] intents=[UNKNOWN] player=bot text=Received 16 white wool.
[19:01:59 INFO]: [DriftSystem] [聊天] 分发意图: UNKNOWN, rawText=Received 16 white wool.
[19:01:59 INFO]: [DriftSystem] [剧情推进] 玩家: bot, 文本: Received 16 white wool.
[19:01:59 WARN]: [DriftSystem] [剧情推进] 请求失败: Failed to connect to /127.0.0.1:8010
[19:02:00 INFO]: bot issued server command: /gamerule doTileDrops true
[19:02:00 INFO]: [3m[38;5;7m[bot: Gamerule doTileDrops is now set to: true][0m
[19:02:01 INFO]: bot issued server command: /pause
[19:02:07 INFO]: bot issued server command: /pause
[19:02:08 INFO]: bot lost connection: Disconnected
[19:02:08 INFO]: [38;5;11mbot left the game[0m
[19:02:10 INFO]: UUID of player bot is 67128b5b-2e6b-3ad1-baa0-1b937b03e5c5
[19:02:10 INFO]: [DriftSystem] [教学] 老玩家加入: bot
[19:02:10 INFO]: [38;5;11mbot joined the game[0m
[19:02:10 INFO]: bot[/[0:0:0:0:0:0:0:1]:54481] logged in with entity id 1519 at ([world]8.5, 124.0, -5.5)
[19:02:11 INFO]: bot issued server command: /gamerule keepInventory true
[19:02:11 INFO]: [3m[38;5;7m[bot: Gamerule keepInventory is now set to: true][0m
[19:02:11 INFO]: bot issued server command: /gamerule doDaylightCycle false
[19:02:11 INFO]: [3m[38;5;7m[bot: Gamerule doDaylightCycle is now set to: false][0m
[19:02:11 INFO]: bot issued server command: /pause
[19:02:12 INFO]: bot issued server command: /pause
[19:02:13 INFO]: [DriftSystem] [PayloadExecutorV1] done build_id=resource_park_bot_1787655733466 executed=759 failed=0 queue_depth=0
[19:02:13 WARN]: [DriftSystem] [PayloadExecutorV1] report failed build_id=resource_park_bot_1787655733466: Failed to connect to /127.0.0.1:8010
[19:02:14 INFO]: bot issued server command: /time set 7000
[19:02:14 INFO]: [3m[38;5;7m[bot: Set the time to 7000][0m
[19:02:14 INFO]: bot issued server command: /difficulty peaceful
[19:02:14 INFO]: bot issued server command: /gamerule doTileDrops false
[19:02:14 INFO]: [3m[38;5;7m[bot: Gamerule doTileDrops is now set to: false][0m
[19:02:14 INFO]: bot issued server command: /setblock 2 111 2 air destroy
[19:02:14 INFO]: [3m[38;5;7m[bot: Changed the block at 2, 111, 2][0m
[19:02:14 INFO]: bot issued server command: /give @s crafting_table
[19:02:14 INFO]: [3m[38;5;7m[bot: Gave 1 [38;5;15m[Crafting Table][38;5;7m to bot][0m
[19:02:14 INFO]: bot issued server command: /setblock 3 111 -3 air destroy
[19:02:14 INFO]: [3m[38;5;7m[bot: Changed the block at 3, 111, -3][0m
[19:02:14 INFO]: bot issued server command: /give @s furnace
[19:02:14 INFO]: [3m[38;5;7m[bot: Gave 1 [38;5;15m[Furnace][38;5;7m to bot][0m
[19:02:14 INFO]: bot issued server command: /gamerule doTileDrops true
[19:02:14 INFO]: [3m[38;5;7m[bot: Gamerule doTileDrops is now set to: true][0m
[19:02:15 INFO]: bot issued server command: /pause
[19:02:19 INFO]: bot issued server command: /pause
[19:02:21 INFO]: bot issued server command: /setblock 120 65 80 minecraft:white_bed
[19:02:21 INFO]: [3m[38;5;7m[bot: Changed the block at 120, 65, 80][0m
[19:02:21 INFO]: bot issued server command: /gamerule doTileDrops false
[19:02:21 INFO]: [3m[38;5;7m[bot: Gamerule doTileDrops is now set to: false][0m
[19:02:21 INFO]: [DriftSystem] [聊天] 玩家 bot 说: Placed a white bed at (120, 65, 80).
[19:02:21 INFO]: [DriftSystem] [RuleEventBridge] Emitting event chat for player bot payload={text=Placed a white bed at (120, 65, 80)., quest_event=chat_placed_a_white_bed_at_120_65_80}
[19:02:21 WARN]: [DriftSystem] [IntentRouter2] 请求失败: Failed to connect to /127.0.0.1:8010
[19:02:21 WARN]: [DriftSystem] [RuleEventBridge] emit failed: Failed to connect to /127.0.0.1:8010
[19:02:21 INFO]: [DriftSystem] [聊天] 收到 1 个意图
[19:02:21 INFO]: bot issued server command: /setblock -2 111 -2 air destroy
[19:02:21 INFO]: [3m[38;5;7m[bot: Changed the block at -2, 111, -2][0m
[19:02:21 INFO]: bot issued server command: /give @s crafting_table
[19:02:21 INFO]: [3m[38;5;7m[bot: Gave 1 [38;5;15m[Crafting Table][38;5;7m to bot][0m
[19:02:21 INFO]: [DriftSystem] [DEBUG] intents=[UNKNOWN] player=bot text=Placed a white bed at (120, 65, 80).
[19:02:21 INFO]: [DriftSystem] [聊天] 分发意图: UNKNOWN, rawText=Placed a white bed at (120, 65, 80).
[19:02:21 INFO]: [DriftSystem] [剧情推进] 玩家: bot, 文本: Placed a white bed at (120, 65, 80).
[19:02:21 WARN]: [DriftSystem] [剧情推进] 请求失败: Failed to connect to /127.0.0.1:8010
[19:02:22 INFO]: bot issued server command: /gamerule doTileDrops true
[19:02:22 INFO]: [3m[38;5;7m[bot: Gamerule doTileDrops is now set to: true][0m
[19:02:22 INFO]: bot issued server command: /pause
[19:02:28 INFO]: bot issued server command: /pause
[19:02:30 INFO]: bot issued server command: /setblock 120 65 80 minecraft:white_bed
[19:02:30 INFO]: bot issued server command: /gamerule doTileDrops false
[19:02:30 INFO]: [DriftSystem] [聊天] 玩家 bot 说: Placed a white bed at (120, 65, 80).
[19:02:30 INFO]: [3m[38;5;7m[bot: Gamerule doTileDrops is now set to: false][0m
[19:02:30 INFO]: [DriftSystem] [RuleEventBridge] Emitting event chat for player bot payload={text=Placed a white bed at (120, 65, 80)., quest_event=chat_placed_a_white_bed_at_120_65_80}
[19:02:30 WARN]: [DriftSystem] [IntentRouter2] 请求失败: Failed to connect to /127.0.0.1:8010
[19:02:30 WARN]: [DriftSystem] [RuleEventBridge] emit failed: Failed to connect to /127.0.0.1:8010
[19:02:30 INFO]: [DriftSystem] [聊天] 收到 1 个意图
[19:02:30 INFO]: [DriftSystem] [DEBUG] intents=[UNKNOWN] player=bot text=Placed a white bed at (120, 65, 80).
[19:02:30 INFO]: [DriftSystem] [聊天] 分发意图: UNKNOWN, rawText=Placed a white bed at (120, 65, 80).
[19:02:30 INFO]: [DriftSystem] [剧情推进] 玩家: bot, 文本: Placed a white bed at (120, 65, 80).
[19:02:30 WARN]: [DriftSystem] [剧情推进] 请求失败: Failed to connect to /127.0.0.1:8010
[19:02:32 INFO]: bot issued server command: /gamerule doTileDrops true
[19:02:32 INFO]: [3m[38;5;7m[bot: Gamerule doTileDrops is now set to: true][0m
[19:02:32 INFO]: bot issued server command: /pause
[19:02:37 INFO]: bot issued server command: /pause
[19:02:39 INFO]: bot issued server command: /setblock 120 65 80 minecraft:white_bed
[19:02:39 INFO]: [DriftSystem] [聊天] 玩家 bot 说: Placed a white bed at (120, 65, 80).
[19:02:39 INFO]: [DriftSystem] [RuleEventBridge] Emitting event chat for player bot payload={text=Placed a white bed at (120, 65, 80)., quest_event=chat_placed_a_white_bed_at_120_65_80}
[19:02:39 WARN]: [DriftSystem] [IntentRouter2] 请求失败: Failed to connect to /127.0.0.1:8010
[19:02:39 WARN]: [DriftSystem] [RuleEventBridge] emit failed: Failed to connect to /127.0.0.1:8010
[19:02:39 INFO]: [DriftSystem] [聊天] 收到 1 个意图
[19:02:39 INFO]: [DriftSystem] [DEBUG] intents=[UNKNOWN] player=bot text=Placed a white bed at (120, 65, 80).
[19:02:39 INFO]: [DriftSystem] [聊天] 分发意图: UNKNOWN, rawText=Placed a white bed at (120, 65, 80).
[19:02:39 INFO]: [DriftSystem] [剧情推进] 玩家: bot, 文本: Placed a white bed at (120, 65, 80).
[19:02:39 WARN]: [DriftSystem] [剧情推进] 请求失败: Failed to connect to /127.0.0.1:8010
[19:02:39 INFO]: bot issued server command: /gamerule doTileDrops false
[19:02:39 INFO]: [3m[38;5;7m[bot: Gamerule doTileDrops is now set to: false][0m
[19:02:39 INFO]: [DriftSystem] [聊天] 玩家 bot 说: Verified: white bed is at (120, 65, 80).
[19:02:39 INFO]: [DriftSystem] [RuleEventBridge] Emitting event chat for player bot payload={text=Verified: white bed is at (120, 65, 80)., quest_event=chat_verified_white_bed_is_at_120_65_80}
[19:02:39 WARN]: [DriftSystem] [IntentRouter2] 请求失败: Failed to connect to /127.0.0.1:8010
[19:02:39 WARN]: [DriftSystem] [RuleEventBridge] emit failed: Failed to connect to /127.0.0.1:8010
[19:02:39 INFO]: [DriftSystem] [聊天] 收到 1 个意图
[19:02:39 INFO]: [DriftSystem] [DEBUG] intents=[UNKNOWN] player=bot text=Verified: white bed is at (120, 65, 80).
[19:02:39 INFO]: [DriftSystem] [聊天] 分发意图: UNKNOWN, rawText=Verified: white bed is at (120, 65, 80).
[19:02:39 INFO]: [DriftSystem] [剧情推进] 玩家: bot, 文本: Verified: white bed is at (120, 65, 80).
[19:02:39 WARN]: [DriftSystem] [剧情推进] 请求失败: Failed to connect to /127.0.0.1:8010
[19:02:41 INFO]: bot issued server command: /gamerule doTileDrops true
[19:02:41 INFO]: [3m[38;5;7m[bot: Gamerule doTileDrops is now set to: true][0m
[19:02:42 INFO]: bot issued server command: /pause
[19:02:49 INFO]: bot issued server command: /pause
[19:02:50 INFO]: bot lost connection: Disconnected
[19:02:50 INFO]: [38;5;11mbot left the game[0m
[19:02:52 INFO]: UUID of player bot is 67128b5b-2e6b-3ad1-baa0-1b937b03e5c5
[19:02:52 INFO]: [DriftSystem] [教学] 老玩家加入: bot
[19:02:52 INFO]: [38;5;11mbot joined the game[0m
[19:02:52 INFO]: bot[/[0:0:0:0:0:0:0:1]:54556] logged in with entity id 1547 at ([world]8.5, 124.0, -5.5)
[19:02:53 INFO]: bot issued server command: /gamerule keepInventory true
[19:02:53 INFO]: [3m[38;5;7m[bot: Gamerule keepInventory is now set to: true][0m
[19:02:53 INFO]: bot issued server command: /gamerule doDaylightCycle false
[19:02:53 INFO]: [3m[38;5;7m[bot: Gamerule doDaylightCycle is now set to: false][0m
[19:02:53 INFO]: bot issued server command: /pause
[19:02:54 INFO]: bot issued server command: /pause
[19:02:55 INFO]: [DriftSystem] [PayloadExecutorV1] done build_id=resource_park_bot_1787655775216 executed=759 failed=0 queue_depth=0
[19:02:55 WARN]: [DriftSystem] [PayloadExecutorV1] report failed build_id=resource_park_bot_1787655775216: Failed to connect to /127.0.0.1:8010
[19:02:56 INFO]: bot issued server command: /time set 8000
[19:02:56 INFO]: [3m[38;5;7m[bot: Set the time to 8000][0m
[19:02:56 INFO]: bot issued server command: /difficulty peaceful
[19:02:56 INFO]: bot issued server command: /gamerule doTileDrops false
[19:02:56 INFO]: [3m[38;5;7m[bot: Gamerule doTileDrops is now set to: false][0m
[19:02:56 INFO]: bot issued server command: /setblock 2 111 2 air destroy
[19:02:56 INFO]: [3m[38;5;7m[bot: Changed the block at 2, 111, 2][0m
[19:02:56 INFO]: bot issued server command: /give @s crafting_table
[19:02:56 INFO]: [3m[38;5;7m[bot: Gave 1 [38;5;15m[Crafting Table][38;5;7m to bot][0m
[19:02:56 INFO]: bot issued server command: /setblock 3 111 -3 air destroy
[19:02:56 INFO]: [3m[38;5;7m[bot: Changed the block at 3, 111, -3][0m
[19:02:56 INFO]: bot issued server command: /give @s furnace
[19:02:56 INFO]: [3m[38;5;7m[bot: Gave 1 [38;5;15m[Furnace][38;5;7m to bot][0m
[19:02:56 INFO]: bot issued server command: /gamerule doTileDrops true
[19:02:56 INFO]: [3m[38;5;7m[bot: Gamerule doTileDrops is now set to: true][0m
[19:02:57 INFO]: bot issued server command: /pause
[19:03:00 INFO]: bot issued server command: /pause
[19:03:02 INFO]: bot issued server command: /give @s minecraft:white_wool 64
[19:03:02 INFO]: [3m[38;5;7m[bot: Gave 64 [38;5;15m[White Wool][38;5;7m to bot][0m
[19:03:02 INFO]: bot issued server command: /gamerule doTileDrops false
[19:03:02 INFO]: [3m[38;5;7m[bot: Gamerule doTileDrops is now set to: false][0m
[19:03:02 INFO]: [DriftSystem] [聊天] 玩家 bot 说: Received 64 white wool.
[19:03:02 INFO]: [DriftSystem] [RuleEventBridge] Emitting event chat for player bot payload={text=Received 64 white wool., quest_event=chat_received_64_white_wool}
[19:03:02 WARN]: [DriftSystem] [RuleEventBridge] emit failed: Failed to connect to /127.0.0.1:8010
[19:03:02 WARN]: [DriftSystem] [IntentRouter2] 请求失败: Failed to connect to /127.0.0.1:8010
[19:03:02 INFO]: [DriftSystem] [聊天] 收到 1 个意图
[19:03:02 INFO]: bot issued server command: /setblock -2 111 -2 air destroy
[19:03:02 INFO]: [3m[38;5;7m[bot: Changed the block at -2, 111, -2][0m
[19:03:02 INFO]: bot issued server command: /give @s crafting_table
[19:03:02 INFO]: [3m[38;5;7m[bot: Gave 1 [38;5;15m[Crafting Table][38;5;7m to bot][0m
[19:03:02 INFO]: [DriftSystem] [DEBUG] intents=[UNKNOWN] player=bot text=Received 64 white wool.
[19:03:02 INFO]: [DriftSystem] [聊天] 分发意图: UNKNOWN, rawText=Received 64 white wool.
[19:03:02 INFO]: [DriftSystem] [剧情推进] 玩家: bot, 文本: Received 64 white wool.
[19:03:02 WARN]: [DriftSystem] [剧情推进] 请求失败: Failed to connect to /127.0.0.1:8010
[19:03:03 INFO]: bot issued server command: /gamerule doTileDrops true
[19:03:03 INFO]: [3m[38;5;7m[bot: Gamerule doTileDrops is now set to: true][0m
[19:03:03 INFO]: bot issued server command: /pause
[19:03:07 INFO]: bot issued server command: /pause
[19:03:09 INFO]: bot issued server command: /give @s minecraft:white_wool 64
[19:03:09 INFO]: [3m[38;5;7m[bot: Gave 64 [38;5;15m[White Wool][38;5;7m to bot][0m
[19:03:09 INFO]: bot issued server command: /gamerule doTileDrops false
[19:03:09 INFO]: [3m[38;5;7m[bot: Gamerule doTileDrops is now set to: false][0m
[19:03:09 INFO]: [DriftSystem] [聊天] 玩家 bot 说: Received 64 white wool.
[19:03:09 INFO]: [DriftSystem] [RuleEventBridge] Emitting event chat for player bot payload={text=Received 64 white wool., quest_event=chat_received_64_white_wool}
[19:03:09 WARN]: [DriftSystem] [IntentRouter2] 请求失败: Failed to connect to /127.0.0.1:8010
[19:03:09 WARN]: [DriftSystem] [RuleEventBridge] emit failed: Failed to connect to /127.0.0.1:8010
[19:03:09 INFO]: [DriftSystem] [聊天] 收到 1 个意图
[19:03:09 INFO]: [DriftSystem] [DEBUG] intents=[UNKNOWN] player=bot text=Received 64 white wool.
[19:03:09 INFO]: [DriftSystem] [聊天] 分发意图: UNKNOWN, rawText=Received 64 white wool.
[19:03:09 INFO]: [DriftSystem] [剧情推进] 玩家: bot, 文本: Received 64 white wool.
[19:03:09 WARN]: [DriftSystem] [剧情推进] 请求失败: Failed to connect to /127.0.0.1:8010
[19:03:12 INFO]: bot issued server command: /gamerule doTileDrops true
[19:03:12 INFO]: [3m[38;5;7m[bot: Gamerule doTileDrops is now set to: true][0m
[19:03:12 INFO]: bot issued server command: /pause
[19:03:17 INFO]: bot issued server command: /pause
[19:03:19 INFO]: bot issued server command: /give @s minecraft:white_wool 64
[19:03:19 INFO]: [3m[38;5;7m[bot: Gave 64 [38;5;15m[White Wool][38;5;7m to bot][0m
[19:03:19 INFO]: bot issued server command: /gamerule doTileDrops false
[19:03:19 INFO]: [DriftSystem] [聊天] 玩家 bot 说: Received 64 white wool.
[19:03:19 INFO]: [3m[38;5;7m[bot: Gamerule doTileDrops is now set to: false][0m
[19:03:19 INFO]: [DriftSystem] [RuleEventBridge] Emitting event chat for player bot payload={text=Received 64 white wool., quest_event=chat_received_64_white_wool}
[19:03:19 WARN]: [DriftSystem] [RuleEventBridge] emit failed: Failed to connect to /127.0.0.1:8010
[19:03:19 WARN]: [DriftSystem] [IntentRouter2] 请求失败: Failed to connect to /127.0.0.1:8010
[19:03:19 INFO]: [DriftSystem] [聊天] 收到 1 个意图
[19:03:19 INFO]: [DriftSystem] [DEBUG] intents=[UNKNOWN] player=bot text=Received 64 white wool.
[19:03:19 INFO]: [DriftSystem] [聊天] 分发意图: UNKNOWN, rawText=Received 64 white wool.
[19:03:19 INFO]: [DriftSystem] [剧情推进] 玩家: bot, 文本: Received 64 white wool.
[19:03:19 WARN]: [DriftSystem] [剧情推进] 请求失败: Failed to connect to /127.0.0.1:8010
[19:03:21 INFO]: bot issued server command: /gamerule doTileDrops true
[19:03:21 INFO]: [3m[38;5;7m[bot: Gamerule doTileDrops is now set to: true][0m
[19:03:21 INFO]: bot issued server command: /pause
[19:03:28 INFO]: bot issued server command: /pause
[19:03:29 INFO]: bot lost connection: Disconnected
[19:03:29 INFO]: [38;5;11mbot left the game[0m
[19:03:30 INFO]: UUID of player bot is 67128b5b-2e6b-3ad1-baa0-1b937b03e5c5
[19:03:30 INFO]: [DriftSystem] [教学] 老玩家加入: bot
[19:03:30 INFO]: [38;5;11mbot joined the game[0m
[19:03:30 INFO]: bot[/[0:0:0:0:0:0:0:1]:54678] logged in with entity id 1572 at ([world]8.5, 124.0, -5.5)
[19:03:32 INFO]: bot issued server command: /gamerule keepInventory true
[19:03:32 INFO]: [3m[38;5;7m[bot: Gamerule keepInventory is now set to: true][0m
[19:03:32 INFO]: bot issued server command: /gamerule doDaylightCycle false
[19:03:32 INFO]: [3m[38;5;7m[bot: Gamerule doDaylightCycle is now set to: false][0m
[19:03:32 INFO]: bot issued server command: /pause
[19:03:32 INFO]: bot issued server command: /pause
[19:03:34 INFO]: [DriftSystem] [PayloadExecutorV1] done build_id=resource_park_bot_1787655813866 executed=759 failed=0 queue_depth=0
[19:03:34 WARN]: [DriftSystem] [PayloadExecutorV1] report failed build_id=resource_park_bot_1787655813866: Failed to connect to /127.0.0.1:8010
[19:03:35 INFO]: bot issued server command: /time set 9000
[19:03:35 INFO]: [3m[38;5;7m[bot: Set the time to 9000][0m
[19:03:35 INFO]: bot issued server command: /difficulty peaceful
[19:03:35 INFO]: bot issued server command: /gamerule doTileDrops false
[19:03:35 INFO]: [3m[38;5;7m[bot: Gamerule doTileDrops is now set to: false][0m
[19:03:35 INFO]: bot issued server command: /setblock 2 111 2 air destroy
[19:03:35 INFO]: [3m[38;5;7m[bot: Changed the block at 2, 111, 2][0m
[19:03:35 INFO]: bot issued server command: /give @s crafting_table
[19:03:35 INFO]: [3m[38;5;7m[bot: Gave 1 [38;5;15m[Crafting Table][38;5;7m to bot][0m
[19:03:35 INFO]: bot issued server command: /setblock 3 111 -3 air destroy
[19:03:35 INFO]: [3m[38;5;7m[bot: Changed the block at 3, 111, -3][0m
[19:03:35 INFO]: bot issued server command: /give @s furnace
[19:03:35 INFO]: [3m[38;5;7m[bot: Gave 1 [38;5;15m[Furnace][38;5;7m to bot][0m
[19:03:35 INFO]: bot issued server command: /gamerule doTileDrops true
[19:03:35 INFO]: [3m[38;5;7m[bot: Gamerule doTileDrops is now set to: true][0m
[19:03:36 INFO]: bot issued server command: /pause
[19:03:39 INFO]: bot issued server command: /pause
[19:03:41 INFO]: bot issued server command: /give @s minecraft:white_wool 64
[19:03:41 INFO]: [3m[38;5;7m[bot: Gave 64 [38;5;15m[White Wool][38;5;7m to bot][0m
[19:03:41 INFO]: bot issued server command: /gamerule doTileDrops false
[19:03:41 INFO]: [3m[38;5;7m[bot: Gamerule doTileDrops is now set to: false][0m
[19:03:41 INFO]: [DriftSystem] [聊天] 玩家 bot 说: Received 64 white wool.
[19:03:41 INFO]: [DriftSystem] [RuleEventBridge] Emitting event chat for player bot payload={text=Received 64 white wool., quest_event=chat_received_64_white_wool}
[19:03:41 WARN]: [DriftSystem] [IntentRouter2] 请求失败: Failed to connect to /127.0.0.1:8010
[19:03:41 WARN]: [DriftSystem] [RuleEventBridge] emit failed: Failed to connect to /127.0.0.1:8010
[19:03:41 INFO]: [DriftSystem] [聊天] 收到 1 个意图
[19:03:41 INFO]: bot issued server command: /setblock -2 111 -2 air destroy
[19:03:41 INFO]: [3m[38;5;7m[bot: Changed the block at -2, 111, -2][0m
[19:03:41 INFO]: bot issued server command: /give @s crafting_table
[19:03:41 INFO]: [3m[38;5;7m[bot: Gave 1 [38;5;15m[Crafting Table][38;5;7m to bot][0m
[19:03:41 INFO]: [DriftSystem] [DEBUG] intents=[UNKNOWN] player=bot text=Received 64 white wool.
[19:03:41 INFO]: [DriftSystem] [聊天] 分发意图: UNKNOWN, rawText=Received 64 white wool.
[19:03:41 INFO]: [DriftSystem] [剧情推进] 玩家: bot, 文本: Received 64 white wool.
[19:03:41 WARN]: [DriftSystem] [剧情推进] 请求失败: Failed to connect to /127.0.0.1:8010
[19:03:42 INFO]: bot issued server command: /gamerule doTileDrops true
[19:03:42 INFO]: [3m[38;5;7m[bot: Gamerule doTileDrops is now set to: true][0m
[19:03:42 INFO]: bot issued server command: /pause
[19:03:50 INFO]: bot issued server command: /pause
[19:03:51 INFO]: bot lost connection: Disconnected
[19:03:51 INFO]: [38;5;11mbot left the game[0m
[19:03:53 INFO]: UUID of player bot is 67128b5b-2e6b-3ad1-baa0-1b937b03e5c5
[19:03:53 INFO]: [DriftSystem] [教学] 老玩家加入: bot
[19:03:53 INFO]: [38;5;11mbot joined the game[0m
[19:03:53 INFO]: bot[/[0:0:0:0:0:0:0:1]:54744] logged in with entity id 1586 at ([world]8.5, 124.0, -5.5)
[19:03:54 INFO]: bot issued server command: /gamerule keepInventory true
[19:03:54 INFO]: [3m[38;5;7m[bot: Gamerule keepInventory is now set to: true][0m
[19:03:54 INFO]: bot issued server command: /gamerule doDaylightCycle false
[19:03:54 INFO]: [3m[38;5;7m[bot: Gamerule doDaylightCycle is now set to: false][0m
[19:03:54 INFO]: bot issued server command: /pause
[19:03:55 INFO]: bot issued server command: /pause
[19:03:56 INFO]: [DriftSystem] [PayloadExecutorV1] done build_id=resource_park_bot_1787655836216 executed=759 failed=0 queue_depth=0
[19:03:56 WARN]: [DriftSystem] [PayloadExecutorV1] report failed build_id=resource_park_bot_1787655836216: Failed to connect to /127.0.0.1:8010
[19:03:57 INFO]: bot issued server command: /time set 10000
[19:03:57 INFO]: [3m[38;5;7m[bot: Set the time to 10000][0m
[19:03:57 INFO]: bot issued server command: /difficulty peaceful
[19:03:57 INFO]: bot issued server command: /gamerule doTileDrops false
[19:03:57 INFO]: [3m[38;5;7m[bot: Gamerule doTileDrops is now set to: false][0m
[19:03:57 INFO]: bot issued server command: /setblock 2 111 2 air destroy
[19:03:57 INFO]: [3m[38;5;7m[bot: Changed the block at 2, 111, 2][0m
[19:03:57 INFO]: bot issued server command: /give @s crafting_table
[19:03:57 INFO]: [3m[38;5;7m[bot: Gave 1 [38;5;15m[Crafting Table][38;5;7m to bot][0m
[19:03:57 INFO]: bot issued server command: /setblock 3 111 -3 air destroy
[19:03:57 INFO]: [3m[38;5;7m[bot: Changed the block at 3, 111, -3][0m
[19:03:57 INFO]: bot issued server command: /give @s furnace
[19:03:57 INFO]: [3m[38;5;7m[bot: Gave 1 [38;5;15m[Furnace][38;5;7m to bot][0m
[19:03:57 INFO]: bot issued server command: /gamerule doTileDrops true
[19:03:57 INFO]: [3m[38;5;7m[bot: Gamerule doTileDrops is now set to: true][0m
[19:03:58 INFO]: bot issued server command: /pause
[19:04:02 INFO]: bot issued server command: /pause
[19:04:04 INFO]: bot issued server command: /setblock ~ ~1 ~ minecraft:white_wool
[19:04:04 INFO]: [3m[38;5;7m[bot: Changed the block at 8, 125, -6][0m
[19:04:04 INFO]: bot issued server command: /gamerule doTileDrops false
[19:04:04 INFO]: [3m[38;5;7m[bot: Gamerule doTileDrops is now set to: false][0m
[19:04:04 INFO]: [DriftSystem] [聊天] 玩家 bot 说: Placed white wool block above.
[19:04:04 INFO]: [DriftSystem] [RuleEventBridge] Emitting event chat for player bot payload={text=Placed white wool block above., quest_event=chat_placed_white_wool_block_above}
[19:04:04 WARN]: [DriftSystem] [RuleEventBridge] emit failed: Failed to connect to /127.0.0.1:8010
[19:04:04 WARN]: [DriftSystem] [IntentRouter2] 请求失败: Failed to connect to /127.0.0.1:8010
[19:04:04 INFO]: [DriftSystem] [聊天] 收到 1 个意图
[19:04:04 INFO]: bot issued server command: /setblock -2 111 -2 air destroy
[19:04:04 INFO]: [3m[38;5;7m[bot: Changed the block at -2, 111, -2][0m
[19:04:04 INFO]: bot issued server command: /give @s crafting_table
[19:04:04 INFO]: [3m[38;5;7m[bot: Gave 1 [38;5;15m[Crafting Table][38;5;7m to bot][0m
[19:04:04 INFO]: [DriftSystem] [DEBUG] intents=[UNKNOWN] player=bot text=Placed white wool block above.
[19:04:04 INFO]: [DriftSystem] [聊天] 分发意图: UNKNOWN, rawText=Placed white wool block above.
[19:04:04 INFO]: [DriftSystem] [剧情推进] 玩家: bot, 文本: Placed white wool block above.
[19:04:04 WARN]: [DriftSystem] [剧情推进] 请求失败: Failed to connect to /127.0.0.1:8010
[19:04:05 INFO]: bot issued server command: /gamerule doTileDrops true
[19:04:05 INFO]: [3m[38;5;7m[bot: Gamerule doTileDrops is now set to: true][0m
[19:04:05 INFO]: bot lost connection: Invalid move player packet received
[19:04:05 INFO]: [38;5;11mbot left the game[0m
[19:08:19 INFO]: UUID of player bot is 67128b5b-2e6b-3ad1-baa0-1b937b03e5c5
[19:08:19 INFO]: [DriftSystem] [教学] 老玩家加入: bot
[19:08:19 INFO]: [38;5;11mbot joined the game[0m
[19:08:19 INFO]: bot[/[0:0:0:0:0:0:0:1]:55377] logged in with entity id 1596 at ([world]8.5, 124.0, -5.5)
[19:08:21 INFO]: bot issued server command: /gamerule keepInventory true
[19:08:21 INFO]: [3m[38;5;7m[bot: Gamerule keepInventory is now set to: true][0m
[19:08:21 INFO]: bot issued server command: /gamerule doDaylightCycle false
[19:08:21 INFO]: [3m[38;5;7m[bot: Gamerule doDaylightCycle is now set to: false][0m
[19:08:21 INFO]: bot issued server command: /pause
[19:08:22 INFO]: bot issued server command: /pause
[19:08:23 INFO]: [DriftSystem] [PayloadExecutorV1] done build_id=resource_park_bot_1787656102901 executed=759 failed=0 queue_depth=0
[19:08:23 WARN]: [DriftSystem] [PayloadExecutorV1] report failed build_id=resource_park_bot_1787656102901: Failed to connect to /127.0.0.1:8010
[19:08:24 INFO]: bot issued server command: /time set 11000
[19:08:24 INFO]: [3m[38;5;7m[bot: Set the time to 11000][0m
[19:08:24 INFO]: bot issued server command: /difficulty peaceful
[19:08:24 INFO]: bot issued server command: /gamerule doTileDrops false
[19:08:24 INFO]: [3m[38;5;7m[bot: Gamerule doTileDrops is now set to: false][0m
[19:08:24 INFO]: bot issued server command: /setblock 2 111 2 air destroy
[19:08:24 INFO]: [3m[38;5;7m[bot: Changed the block at 2, 111, 2][0m
[19:08:24 INFO]: bot issued server command: /give @s crafting_table
[19:08:24 INFO]: [3m[38;5;7m[bot: Gave 1 [38;5;15m[Crafting Table][38;5;7m to bot][0m
[19:08:24 INFO]: bot issued server command: /setblock 3 111 -3 air destroy
[19:08:24 INFO]: [3m[38;5;7m[bot: Changed the block at 3, 111, -3][0m
[19:08:24 INFO]: bot issued server command: /give @s furnace
[19:08:24 INFO]: [3m[38;5;7m[bot: Gave 1 [38;5;15m[Furnace][38;5;7m to bot][0m
[19:08:24 INFO]: bot issued server command: /gamerule doTileDrops true
[19:08:24 INFO]: [3m[38;5;7m[bot: Gamerule doTileDrops is now set to: true][0m
[19:08:25 INFO]: bot issued server command: /pause
[19:08:27 INFO]: bot issued server command: /pause
[19:08:29 INFO]: bot issued server command: /give @s minecraft:white_wool 16
[19:08:29 INFO]: [3m[38;5;7m[bot: Gave 16 [38;5;15m[White Wool][38;5;7m to bot][0m
[19:08:29 INFO]: bot issued server command: /gamerule doTileDrops false
[19:08:29 INFO]: [3m[38;5;7m[bot: Gamerule doTileDrops is now set to: false][0m
[19:08:29 INFO]: [DriftSystem] [聊天] 玩家 bot 说: Received 16 white wool.
[19:08:29 INFO]: [DriftSystem] [RuleEventBridge] Emitting event chat for player bot payload={text=Received 16 white wool., quest_event=chat_received_16_white_wool}
[19:08:29 WARN]: [DriftSystem] [RuleEventBridge] emit failed: Failed to connect to /127.0.0.1:8010
[19:08:29 WARN]: [DriftSystem] [IntentRouter2] 请求失败: Failed to connect to /127.0.0.1:8010
[19:08:29 INFO]: [DriftSystem] [聊天] 收到 1 个意图
[19:08:29 INFO]: bot issued server command: /setblock -2 111 -2 air destroy
[19:08:29 INFO]: [3m[38;5;7m[bot: Changed the block at -2, 111, -2][0m
[19:08:29 INFO]: bot issued server command: /give @s crafting_table
[19:08:29 INFO]: [3m[38;5;7m[bot: Gave 1 [38;5;15m[Crafting Table][38;5;7m to bot][0m
[19:08:29 INFO]: [DriftSystem] [DEBUG] intents=[UNKNOWN] player=bot text=Received 16 white wool.
[19:08:29 INFO]: [DriftSystem] [聊天] 分发意图: UNKNOWN, rawText=Received 16 white wool.
[19:08:29 INFO]: [DriftSystem] [剧情推进] 玩家: bot, 文本: Received 16 white wool.
[19:08:29 WARN]: [DriftSystem] [剧情推进] 请求失败: Failed to connect to /127.0.0.1:8010
[19:08:31 INFO]: bot issued server command: /gamerule doTileDrops true
[19:08:31 INFO]: [3m[38;5;7m[bot: Gamerule doTileDrops is now set to: true][0m
[19:08:31 INFO]: bot issued server command: /pause
[19:08:39 INFO]: bot issued server command: /pause
[19:08:40 INFO]: bot lost connection: Disconnected
[19:08:40 INFO]: [38;5;11mbot left the game[0m
[19:08:41 INFO]: UUID of player bot is 67128b5b-2e6b-3ad1-baa0-1b937b03e5c5
[19:08:41 INFO]: [DriftSystem] [教学] 老玩家加入: bot
[19:08:41 INFO]: [38;5;11mbot joined the game[0m
[19:08:41 INFO]: bot[/[0:0:0:0:0:0:0:1]:55440] logged in with entity id 1618 at ([world]8.5, 124.0, -5.5)
[19:08:42 INFO]: bot issued server command: /gamerule keepInventory true
[19:08:42 INFO]: [3m[38;5;7m[bot: Gamerule keepInventory is now set to: true][0m
[19:08:42 INFO]: bot issued server command: /gamerule doDaylightCycle false
[19:08:42 INFO]: [3m[38;5;7m[bot: Gamerule doDaylightCycle is now set to: false][0m
[19:08:42 INFO]: bot issued server command: /pause
[19:08:43 INFO]: bot issued server command: /pause
[19:08:45 INFO]: [DriftSystem] [PayloadExecutorV1] done build_id=resource_park_bot_1787656124702 executed=759 failed=0 queue_depth=0
[19:08:45 WARN]: [DriftSystem] [PayloadExecutorV1] report failed build_id=resource_park_bot_1787656124702: Failed to connect to /127.0.0.1:8010
[19:08:45 INFO]: bot issued server command: /time set 12000
[19:08:45 INFO]: [3m[38;5;7m[bot: Set the time to 12000][0m
[19:08:45 INFO]: bot issued server command: /difficulty peaceful
[19:08:45 INFO]: bot issued server command: /gamerule doTileDrops false
[19:08:45 INFO]: [3m[38;5;7m[bot: Gamerule doTileDrops is now set to: false][0m
[19:08:45 INFO]: bot issued server command: /setblock 2 111 2 air destroy
[19:08:45 INFO]: [3m[38;5;7m[bot: Changed the block at 2, 111, 2][0m
[19:08:45 INFO]: bot issued server command: /give @s crafting_table
[19:08:45 INFO]: [3m[38;5;7m[bot: Gave 1 [38;5;15m[Crafting Table][38;5;7m to bot][0m
[19:08:45 INFO]: bot issued server command: /setblock 3 111 -3 air destroy
[19:08:45 INFO]: [3m[38;5;7m[bot: Changed the block at 3, 111, -3][0m
[19:08:45 INFO]: bot issued server command: /give @s furnace
[19:08:45 INFO]: [3m[38;5;7m[bot: Gave 1 [38;5;15m[Furnace][38;5;7m to bot][0m
[19:08:45 INFO]: bot issued server command: /gamerule doTileDrops true
[19:08:45 INFO]: [3m[38;5;7m[bot: Gamerule doTileDrops is now set to: true][0m
[19:08:46 INFO]: bot issued server command: /pause
[19:08:50 INFO]: bot issued server command: /pause
[19:08:52 INFO]: bot issued server command: /setblock 120 45 231 minecraft:white_wool
[19:08:52 INFO]: bot issued server command: /gamerule doTileDrops false
[19:08:52 INFO]: [3m[38;5;7m[bot: Gamerule doTileDrops is now set to: false][0m
[19:08:52 INFO]: [DriftSystem] [聊天] 玩家 bot 说: Placed white wool block at (120, 45, 231).
[19:08:52 INFO]: [DriftSystem] [RuleEventBridge] Emitting event chat for player bot payload={text=Placed white wool block at (120, 45, 231)., quest_event=chat_placed_white_wool_block_at_120_45_231}
[19:08:52 WARN]: [DriftSystem] [RuleEventBridge] emit failed: Failed to connect to /127.0.0.1:8010
[19:08:52 WARN]: [DriftSystem] [IntentRouter2] 请求失败: Failed to connect to /127.0.0.1:8010
[19:08:52 INFO]: [DriftSystem] [聊天] 收到 1 个意图
[19:08:52 INFO]: bot issued server command: /setblock -2 111 -2 air destroy
[19:08:52 INFO]: [3m[38;5;7m[bot: Changed the block at -2, 111, -2][0m
[19:08:52 INFO]: bot issued server command: /give @s crafting_table
[19:08:52 INFO]: [3m[38;5;7m[bot: Gave 1 [38;5;15m[Crafting Table][38;5;7m to bot][0m
[19:08:52 INFO]: [DriftSystem] [DEBUG] intents=[UNKNOWN] player=bot text=Placed white wool block at (120, 45, 231).
[19:08:52 INFO]: [DriftSystem] [聊天] 分发意图: UNKNOWN, rawText=Placed white wool block at (120, 45, 231).
[19:08:52 INFO]: [DriftSystem] [剧情推进] 玩家: bot, 文本: Placed white wool block at (120, 45, 231).
[19:08:52 WARN]: [DriftSystem] [剧情推进] 请求失败: Failed to connect to /127.0.0.1:8010
[19:08:53 INFO]: bot issued server command: /gamerule doTileDrops true
[19:08:53 INFO]: [3m[38;5;7m[bot: Gamerule doTileDrops is now set to: true][0m
[19:08:53 INFO]: bot issued server command: /pause
[19:08:58 INFO]: bot issued server command: /pause
